,"NORMALIZED TO OC, WEIGHTED BY EMISSION RATE",,,,,,,,,,,,,,,,,,,,,,,MG/MG OC ALL,,,,,,,,,,,,,,,,,,,,
,,,,,,,,,,,,,,,,,,,,,,,,,,,,,,,,,,,,,,,,,,,,
,pre 1990,pre 90 no bus,1990-1993,90-93 no bus,1994-1997,1998+,PC,I,II,III,BUS,ID ALL,HCS,HW,CCS,CSJ,UD,HCSF,CCSF,MC,SI,,,pre 1990,pre 90 no bus,1990-1993,90-93 no bus,1994-1997,1998+,PC,I,II,III,BUS,ID ALL,HCS,HW,CCS,CSJ,UD,HCSF,CCSF,MC,SI
average mass/mi/veh,1347.034514,1132.433857,768.5577891,706.7750735,321.4451295,178.1944183,300.8774779,100.1898587,362.9133524,674.4196518,2008.872851,17.42481686,641.4320761,270.2088802,1650.468766,1952.067913,1550.251612,231.8372643,719.2312591,2597.323594,300.8774779,,average mass/mi/veh,1347.034514,1132.433857,768.5577891,706.7750735,321.4451295,178.1944183,300.8774779,100.1898587,362.9133524,674.4196518,2008.872851,17.42481686,641.4320761,270.2088802,1650.468766,1952.067913,1550.251612,231.8372643,719.2312591,2597.323594,300.8774779
,25.40540165,21.47980685,29.72658817,32.73031564,8.335276598,11.93704939,10.79866404,8.672635866,14.43122886,10.88682976,82.53634529,2.685700653,14.52960379,6.169809767,60.85319231,126.5465852,97.34723039,10.43306835,36.55655719,144.538715,10.79866404,,,25.40540165,21.47980685,29.72658817,32.73031564,8.335276598,11.93704939,10.79866404,8.672635866,14.43122886,10.88682976,82.53634529,2.685700653,14.52960379,6.169809767,60.85319231,126.5465852,97.34723039,10.43306835,36.55655719,144.538715,10.79866404
OC/MASS,0.353844369,0.291643384,0.411421181,0.387086844,0.39595154,0.613310168,0.458990384,0.472384525,0.38239455,0.350363305,0.520611414,1.538773514,0.409534977,0.394515113,0.294885765,0.281724694,0.109806682,0.954443095,0.221026386,0.445723532,0.458990384,,OC/MASS,0.353844369,0.291643384,0.411421181,0.387086844,0.39595154,0.613310168,0.458990384,0.472384525,0.38239455,0.350363305,0.520611414,1.538773514,0.409534977,0.394515113,0.294885765,0.281724694,0.109806682,0.954443095,0.221026386,0.445723532,0.458990384
,0.017537762,0.015206641,0.04619222,0.059155492,0.034566993,0.101696329,0.023921379,0.125685142,0.047359466,0.017968548,0.045256852,0.361259434,0.027842855,0.02663255,0.026516832,0.060945923,0.047425103,0.05749841,0.018679427,0.059236654,0.023921379,,,0.017537762,0.015206641,0.04619222,0.059155492,0.034566993,0.101696329,0.023921379,0.125685142,0.047359466,0.017968548,0.045256852,0.361259434,0.027842855,0.02663255,0.026516832,0.060945923,0.047425103,0.05749841,0.018679427,0.059236654,0.023921379
EC/MASS,0.981110884,1.026538694,0.811124942,0.836046754,0.758275968,1.032231569,0.635017149,0.900650256,0.799223969,0.961770077,0.825166502,0.418140084,0.851110691,0.753810415,0.811493942,1.051650775,0.607449547,5.018143985,0.723530453,0.835824005,0.635017149,,EC/MASS,0.981110884,1.026538694,0.811124942,0.836046754,0.758275968,1.032231569,0.635017149,0.900650256,0.799223969,0.961770077,0.825166502,0.418140084,0.851110691,0.753810415,0.811493942,1.051650775,0.607449547,5.018143985,0.723530453,0.835824005,0.635017149
,0.028626408,0.029715583,0.053198992,0.068520156,0.035668916,0.10593105,0.032655654,0.127598447,0.055182996,0.024764864,0.055872496,0.227584872,0.032397506,0.03041362,0.048606972,0.111498767,0.073091146,0.274091351,0.053606151,0.077682372,0.032655654,,,0.028626408,0.029715583,0.053198992,0.068520156,0.035668916,0.10593105,0.032655654,0.127598447,0.055182996,0.024764864,0.055872496,0.227584872,0.032397506,0.03041362,0.048606972,0.111498767,0.073091146,0.274091351,0.053606151,0.077682372,0.032655654
EC/OC,2.772718659,3.519842213,1.971519649,2.159842851,1.915072659,1.683049823,1.38350861,1.906604068,2.090050627,2.745065087,1.584995026,0.271735951,2.078236874,1.910726332,2.751892558,3.732902359,5.531990734,5.257667023,3.273502613,1.875207263,1.38350861,,EC/OC,2.772718659,3.519842213,1.971519649,2.159842851,1.915072659,1.683049823,1.38350861,1.906604068,2.090050627,2.745065087,1.584995026,0.271735951,2.078236874,1.910726332,2.751892558,3.732902359,5.531990734,5.257667023,3.273502613,1.875207263,1.38350861
,0.141284944,0.187482384,0.232565787,0.346804678,0.176450796,0.286866451,0.073005087,0.52518629,0.272056591,0.144528717,0.148393786,0.149786536,0.147611862,0.137017951,0.260413842,0.83165048,2.431095409,0.2661363,0.282827107,0.265901514,0.073005087,,,0.141284944,0.187482384,0.232565787,0.346804678,0.176450796,0.286866451,0.073005087,0.52518629,0.272056591,0.144528717,0.148393786,0.149786536,0.147611862,0.137017951,0.260413842,0.83165048,2.431095409,0.2661363,0.282827107,0.265901514,0.073005087
si,15.90365342,20.43202877,15.3932009,23.72144895,18.73018812,9.014811423,0,21.20545088,22.07583027,18.26078016,6.807320831,7.763466685,17.98199134,14.16530769,14.67998671,23.5827748,81.37501747,6.499795714,21.95566784,8.692148105,0,,si,0.015903653,0.020432029,0.015393201,0.023721449,0.018730188,0.009014811,0,0.021205451,0.02207583,0.01826078,0.006807321,0.007763467,0.017981991,0.014165308,0.014679987,0.023582775,0.081375017,0.006499796,0.021955668,0.008692148,0
,0.887370495,1.142716271,1.960305596,3.738688748,1.738726841,1.866453826,0.026508593,5.782986096,2.851321766,1.005276583,0.982260581,1.839852286,1.308484891,1.065239494,1.466353828,5.332250097,35.36081029,0.412321571,1.976132068,1.691342477,0.026508593,,,0.003180731,0.004086406,0.00307864,0.00474429,0.003746038,0.001802962,0.00000001,0.00424109,0.004415166,0.003652156,0.001361464,0.001552693,0.003596398,0.002833062,0.002935997,0.004716555,0.016275003,0.001299959,0.004391134,0.00173843,0.00000001
al,0.5822711,0.945374307,0.886523033,1.366162307,1.985132841,0,0,2.409843624,2.887673697,0.78988265,0,2.186922638,1.410253063,0.622066202,0.045187725,1.986948459,2.604797243,0,0.709393189,0,0,,al,0.000582271,0.000945374,0.000886523,0.001366162,0.001985133,0,0,0.002409844,0.002887674,0.000789883,0,0.002186923,0.001410253,0.000622066,4.51877E-05,0.001986948,0.002604797,0,0.000709393,0,0
,0.431612142,0.433672666,0.893278562,1.206588362,0.613654456,1.410088517,0.00701743,2.381173475,1.09943104,0.396079944,0.744537274,1.595650291,0.534542641,0.595627392,0.721805401,1.147485363,3.23760147,0.250337386,0.510742213,1.237866416,0.00701743,,,0.000116454,0.000189075,0.000177305,0.000273232,0.000397027,0.00000001,0.00000001,0.000481969,0.000577535,0.000157977,0.00000001,0.000437385,0.000282051,0.000124413,9.03755E-06,0.00039739,0.000520959,0.00000001,0.000141879,0.00000001,0.00000001
ti,0.043998806,0.071436382,0.102178638,0.157460775,0.137567166,0,0,0.007136571,0.34669839,0.048728309,0,7.404495116,0.119913282,0.045108633,0.030039146,0,0.161885388,0.000632983,0,0,0,,ti,4.39988E-05,7.14364E-05,0.000102179,0.000157461,0.000137567,0,0,7.13657E-06,0.000346698,4.87283E-05,0,0.007404495,0.000119913,4.51086E-05,3.00391E-05,0,0.000161885,6.32983E-07,0,0,0
,1.293995251,1.599150481,2.94286573,4.14442784,2.621660947,4.985656223,0.043303948,8.689765619,3.847371128,1.510188919,1.866664729,6.416211395,1.97492135,1.989467759,1.967457336,6.433047428,19.81967001,0.611025285,2.570717693,3.069600381,0.043303948,,,8.79977E-06,1.42873E-05,2.04357E-05,3.14922E-05,2.75134E-05,0.00000001,0.00000001,1.42735E-06,6.93397E-05,9.74567E-06,0.00000001,0.001480899,2.39827E-05,9.02173E-06,6.00784E-06,0.00000001,3.23771E-05,1.26991E-07,0.00000001,0.00000001,0.00000001
PHTHALIC ACID,0,0,0,0,0,0,0,0,0,0,0,0,0,0,0,0,0,0,0,0,0,,PHTHALIC ACID,0,0,0,0,0,0,0,0,0,0,0,0,0,0,0,0,0,0,0,0,0
UNC,0,0,0,0,0,0,0,0,0,0,0,0,0,0,0,0,0,0,0,0,0,,UNC,0.00000001,0.00000001,0.00000001,0.00000001,0.00000001,0.00000001,0.00000001,0.00000001,0.00000001,0.00000001,0.00000001,0.00000001,0.00000001,0.00000001,0.00000001,0.00000001,0.00000001,0.00000001,0.00000001,0.00000001,0.00000001
TEREPHTHALIC ACID,0.040225428,0.065309932,0,0,0,0,0,0,0,0.034774914,0,0,0,0.107914467,0,0,0,0,0,0,0,,TEREPHTHALIC ACID,4.02254E-05,6.53099E-05,0,0,0,0,0,0,0,3.47749E-05,0,0,0,0.000107914,0,0,0,0,0,0,0
UNC,0.0078904,0.012853735,0,0,0,0,0,0,0,0.006845042,0,0,0,0.021693655,0,0,0,0,0,0,0,,UNC,8.04509E-06,1.3062E-05,0.00000001,0.00000001,0.00000001,0.00000001,0.00000001,0.00000001,0.00000001,6.95499E-06,0.00000001,0.00000001,0.00000001,2.15829E-05,0.00000001,0.00000001,0.00000001,0.00000001,0.00000001,0.00000001,0.00000001
ISOPHTHALIC ACID,0.085927232,0.139511298,0,0,0,0,0,0,0,0.07428416,0,0,0,0.230520642,0,0,0,0,0,0,0,,ISOPHTHALIC ACID,8.59272E-05,0.000139511,0,0,0,0,0,0,0,7.42842E-05,0,0,0,0.000230521,0,0,0,0,0,0,0
UNC,0.013396435,0.021865602,0,0,0,0,0,0,0,0.011645088,0,0,0,0.037342345,0,0,0,0,0,0,0,,UNC,1.71854E-05,2.79023E-05,0.00000001,0.00000001,0.00000001,0.00000001,0.00000001,0.00000001,0.00000001,1.48568E-05,0.00000001,0.00000001,0.00000001,4.61041E-05,0.00000001,0.00000001,0.00000001,0.00000001,0.00000001,0.00000001,0.00000001
AZELAIC ACID,0.069576097,0.013134996,0,0,0.025613498,0,0,0,0,0.016848501,0.126099666,0.014360221,0.077245277,0.006353779,0,0,0,0.051239076,0.127789407,0,0,,AZELAIC ACID,6.95761E-05,1.3135E-05,0,0,2.56135E-05,0,0,0,0,1.68485E-05,0.0001261,1.43602E-05,7.72453E-05,6.35378E-06,0,0,0,5.12391E-05,0.000127789,0,0
UNC,0.022859653,0.002606232,0,0,0.005307585,0,0,0,0,0.002445036,0.047310554,0.00498314,0.025161519,0.001399738,0,0,0,0.014617582,0.057681543,0,0,,UNC,1.39152E-05,2.62702E-06,0.00000001,0.00000001,5.12271E-06,0.00000001,0.00000001,0.00000001,0.00000001,3.36972E-06,2.52199E-05,2.87206E-06,1.54491E-05,1.2708E-06,0.00000001,0.00000001,0.00000001,1.02478E-05,2.55579E-05,0.00000001,0.00000001
METHYLPHTHALIC ACID,0.428400008,0.322931337,0.234894295,0.049440511,0.146861516,0.232345743,0.047748308,0.106477567,0.345775858,0.207570784,0.593313368,0.041206264,0.256899998,0.191345711,0.230511058,0.168042517,2.690936156,0.405433862,0.317808244,0.579344329,0.047748308,,METHYLPHTHALIC ACID,0.0004284,0.000322931,0.000234894,4.94405E-05,0.000146862,0.000232346,4.77483E-05,0.000106478,0.000345776,0.000207571,0.000593313,4.12063E-05,0.0002569,0.000191346,0.000230511,0.000168043,0.002690936,0.000405434,0.000317808,0.000579344,4.77483E-05
UNC,0.039573681,0.02487634,0.060131936,0.022328842,0.017460242,0.04536383,0.006390642,0.041804813,0.050059976,0.01520936,0.086403534,0.013467253,0.029336503,0.018674712,0.036151561,0.062511913,1.208187773,0.037235993,0.054478295,0.12998675,0.006390642,,UNC,8.568E-05,6.45863E-05,4.69789E-05,9.88811E-06,2.93723E-05,4.64691E-05,9.54967E-06,2.12955E-05,6.91552E-05,4.15142E-05,0.000118663,8.24126E-06,5.138E-05,3.82691E-05,4.61022E-05,3.36085E-05,0.000538187,8.10868E-05,6.35616E-05,0.000115869,9.54967E-06
BENZENE 3 CARBOXYLIC ACID,0.592841209,0.743014161,0.167548308,0.032795547,0.161449762,0.00677238,0,0.034016666,0.095084147,0.443947697,0.365736292,0.005288809,0.223971103,0.753345687,0.294680531,0.22393546,0,0.518002169,0.180373447,0.399532734,0,,BENZENE 3 CARBOXYLIC ACID,0.000592841,0.000743014,0.000167548,3.27955E-05,0.00016145,6.77238E-06,0,3.40167E-05,9.50841E-05,0.000443948,0.000365736,5.28881E-06,0.000223971,0.000753346,0.000294681,0.000223935,0,0.000518002,0.000180373,0.000399533,0
UNC,0.051886574,0.068870712,0.047657228,0.013270308,0.018798102,0.001978795,0,0.013745334,0.024749078,0.038121881,0.064851202,0.001308559,0.02496804,0.099869579,0.053543472,0.101262654,0,0.049069478,0.0352795,0.103967493,0,,UNC,0.000118568,0.000148603,3.35097E-05,6.55912E-06,3.229E-05,1.35451E-06,0.00000001,6.80334E-06,1.90168E-05,8.87895E-05,7.31473E-05,1.05781E-06,4.47942E-05,0.000150669,5.89361E-05,4.47871E-05,0.00000001,0.0001036,3.60747E-05,7.99065E-05,0.00000001
BENZENE 4 CARBOXYLIC ACID,0.121804467,0.197761512,0,0,0.0339559,0,0,0,0,0.118364392,0,0,0.023600799,0.270367031,0.022978238,0,0,0.102239772,0,0,0,,BENZENE 4 CARBOXYLIC ACID,0.000121804,0.000197762,0,0,3.39559E-05,0,0,0,0,0.000118364,0,0,2.36008E-05,0.000270367,2.29782E-05,0,0,0.00010224,0,0,0
UNC,0.014711608,0.024096114,0,0,0.00563606,0,0,0,0,0.013235296,0,0,0.00334154,0.039495287,0.008987892,0,0,0.020954054,0,0,0,,UNC,2.43609E-05,3.95523E-05,0.00000001,0.00000001,6.79119E-06,0.00000001,0.00000001,0.00000001,0.00000001,2.36729E-05,0.00000001,0.00000001,4.72017E-06,5.40734E-05,4.59566E-06,0.00000001,0.00000001,2.0448E-05,0.00000001,0.00000001,0.00000001
TETRADECANOIC ACID,0,0,0,0,0.034485138,0,0,0,0,0.013267955,0,0,0,0.041173482,0,0,0,0,0,0,0,,TETRADECANOIC ACID,0,0,0,0,3.44851E-05,0,0,0,0,1.3268E-05,0,0,0,4.11735E-05,0,0,0,0,0,0,0
UNC,0,0,0,0,0.015828877,0,0,0,0,0.006023518,0,0,0,0.018767749,0,0,0,0,0,0,0,,UNC,0.00000001,0.00000001,0.00000001,0.00000001,6.89703E-06,0.00000001,0.00000001,0.00000001,0.00000001,2.65361E-06,0.00000001,0.00000001,0.00000001,8.2347E-06,0.00000001,0.00000001,0.00000001,0.00000001,0.00000001,0.00000001,0.00000001
PENTADECANOIC ACID,0,0,0,0,0.020089558,0,0,0,0,0.00772934,0,0,0,0.0239859,0,0,0,0,0,0,0,,PENTADECANOIC ACID,0,0,0,0,2.00896E-05,0,0,0,0,7.72934E-06,0,0,0,2.39859E-05,0,0,0,0,0,0,0
UNC,0,0,0,0,0.009257702,0,0,0,0,0.003523232,0,0,0,0.01097714,0,0,0,0,0,0,0,,UNC,0.00000001,0.00000001,0.00000001,0.00000001,4.01792E-06,0.00000001,0.00000001,0.00000001,0.00000001,1.5459E-06,0.00000001,0.00000001,0.00000001,4.79719E-06,0.00000001,0.00000001,0.00000001,0.00000001,0.00000001,0.00000001,0.00000001
PALMITOLEIC ACID,0,0,0,0,0.146643066,0,0,0,0,0.056420061,0,0,0.071050763,0,0,0,0,0,0,0,0,,PALMITOLEIC ACID,0,0,0,0,0.000146643,0,0,0,0,5.64201E-05,0,0,7.10508E-05,0,0,0,0,0,0,0,0
UNC,0,0,0,0,0.028396184,0,0,0,0,0.010236405,0,0,0.01322709,0,0,0,0,0,0,0,0,,UNC,0.00000001,0.00000001,0.00000001,0.00000001,2.93286E-05,0.00000001,0.00000001,0.00000001,0.00000001,1.1284E-05,0.00000001,0.00000001,1.42102E-05,0.00000001,0.00000001,0.00000001,0.00000001,0.00000001,0.00000001,0.00000001,0.00000001
PALMITIC ACID,0,0,0,0,0,0,0,0,0,0,0,0,0,0,0,0,0,0,0,0,0,,PALMITIC ACID,0,0,0,0,0,0,0,0,0,0,0,0,0,0,0,0,0,0,0,0,0
UNC,0,0,0,0,0,0,0,0,0,0,0,0,0,0,0,0,0,0,0,0,0,,UNC,0.00000001,0.00000001,0.00000001,0.00000001,0.00000001,0.00000001,0.00000001,0.00000001,0.00000001,0.00000001,0.00000001,0.00000001,0.00000001,0.00000001,0.00000001,0.00000001,0.00000001,0.00000001,0.00000001,0.00000001,0.00000001
HEPTADECANOIC ACID,0.002508072,0.004072101,0,0,0,0,0,0,0,0.00216823,0,0,0,0.006728512,0,0,0,0,0,0,0,,HEPTADECANOIC ACID,2.50807E-06,4.0721E-06,0,0,0,0,0,0,0,2.16823E-06,0,0,0,6.72851E-06,0,0,0,0,0,0,0
UNC,0.001102475,0.001791171,0,0,0,0,0,0,0,0.000953753,0,0,0,0.002972429,0,0,0,0,0,0,0,,UNC,5.01714E-07,8.14482E-07,0.00000001,0.00000001,0.00000001,0.00000001,0.00000001,0.00000001,0.00000001,4.33761E-07,0.00000001,0.00000001,0.00000001,1.34574E-06,0.00000001,0.00000001,0.00000001,0.00000001,0.00000001,0.00000001,0.00000001
LINOLEIC ACID,0,0,0,0,0,0,0,0,0,0,0,0,0,0,0,0,0,0,0,0,0,,LINOLEIC ACID,0,0,0,0,0,0,0,0,0,0,0,0,0,0,0,0,0,0,0,0,0
UNC,0,0,0,0,0,0,0,0,0,0,0,0,0,0,0,0,0,0,0,0,0,,UNC,0.00000001,0.00000001,0.00000001,0.00000001,0.00000001,0.00000001,0.00000001,0.00000001,0.00000001,0.00000001,0.00000001,0.00000001,0.00000001,0.00000001,0.00000001,0.00000001,0.00000001,0.00000001,0.00000001,0.00000001,0.00000001
OLEIC ACID,0,0,0,0,0,0,0,0,0,0,0,0,0,0,0,0,0,0,0,0,0,,OLEIC ACID,0,0,0,0,0,0,0,0,0,0,0,0,0,0,0,0,0,0,0,0,0
UNC,0,0,0,0,0,0,0,0,0,0,0,0,0,0,0,0,0,0,0,0,0,,UNC,0.00000001,0.00000001,0.00000001,0.00000001,0.00000001,0.00000001,0.00000001,0.00000001,0.00000001,0.00000001,0.00000001,0.00000001,0.00000001,0.00000001,0.00000001,0.00000001,0.00000001,0.00000001,0.00000001,0.00000001,0.00000001
OCTADECANOIC ACID,0,0,0,0,0,0,0,0,0,0,0,0,0,0,0,0,0,0,0,0,0,,OCTADECANOIC ACID,0,0,0,0,0,0,0,0,0,0,0,0,0,0,0,0,0,0,0,0,0
UNC,0,0,0,0,0,0,0,0,0,0,0,0,0,0,0,0,0,0,0,0,0,,UNC,0.00000001,0.00000001,0.00000001,0.00000001,0.00000001,0.00000001,0.00000001,0.00000001,0.00000001,0.00000001,0.00000001,0.00000001,0.00000001,0.00000001,0.00000001,0.00000001,0.00000001,0.00000001,0.00000001,0.00000001,0.00000001
"8,15-PIMAREDIENOIC ACID",0,0,0,0,0,0,0,0,0,0,0,0,0,0,0,0,0,0,0,0,0,,"8,15-PIMAREDIENOIC ACID",0,0,0,0,0,0,0,0,0,0,0,0,0,0,0,0,0,0,0,0,0
UNC,0,0,0,0,0,0,0,0,0,0,0,0,0,0,0,0,0,0,0,0,0,,UNC,0.00000001,0.00000001,0.00000001,0.00000001,0.00000001,0.00000001,0.00000001,0.00000001,0.00000001,0.00000001,0.00000001,0.00000001,0.00000001,0.00000001,0.00000001,0.00000001,0.00000001,0.00000001,0.00000001,0.00000001,0.00000001
NONADECANOIC ACID,0.290115557,0.139656606,0.236973155,0,0.021517332,0.012614744,0,0,0,0.085140699,0.561872848,0.045831178,0.091707316,0.012597271,0.007217821,0,4.22318257,0.063266589,0.120978234,0.703041799,0,,NONADECANOIC ACID,0.000290116,0.000139657,0.000236973,0,2.15173E-05,1.26147E-05,0,0,0,8.51407E-05,0.000561873,4.58312E-05,9.17073E-05,1.25973E-05,7.21782E-06,0,0.004223183,6.32666E-05,0.000120978,0.000703042,0
UNC,0.066723622,0.041808627,0.089024343,0,0.006158843,0.009300165,0,0,0,0.022541006,0.140672346,0.019356275,0.029773984,0.007810463,0.00261196,0,2.212326574,0.015875122,0.05229919,0.236391097,0,,UNC,5.80231E-05,2.79313E-05,4.73946E-05,0.00000001,4.30348E-06,2.52297E-06,0.00000001,0.00000001,0.00000001,1.70281E-05,0.000112375,9.16624E-06,1.83415E-05,2.51947E-06,1.4436E-06,0.00000001,0.000844637,1.26533E-05,2.41956E-05,0.000140608,0.00000001
PIMARIC ACID,0,0,0,0,0,0,0,0,0,0,0,0,0,0,0,0,0,0,0,0,0,,PIMARIC ACID,0,0,0,0,0,0,0,0,0,0,0,0,0,0,0,0,0,0,0,0,0
UNC,0,0,0,0,0,0,0,0,0,0,0,0,0,0,0,0,0,0,0,0,0,,UNC,0.00000001,0.00000001,0.00000001,0.00000001,0.00000001,0.00000001,0.00000001,0.00000001,0.00000001,0.00000001,0.00000001,0.00000001,0.00000001,0.00000001,0.00000001,0.00000001,0.00000001,0.00000001,0.00000001,0.00000001,0.00000001
SANDARACOPIMARIC ACID,0,0,0,0,0,0,0,0,0,0,0,0,0,0,0,0,0,0,0,0,0,,SANDARACOPIMARIC ACID,0,0,0,0,0,0,0,0,0,0,0,0,0,0,0,0,0,0,0,0,0
UNC,0,0,0,0,0,0,0,0,0,0,0,0,0,0,0,0,0,0,0,0,0,,UNC,0.00000001,0.00000001,0.00000001,0.00000001,0.00000001,0.00000001,0.00000001,0.00000001,0.00000001,0.00000001,0.00000001,0.00000001,0.00000001,0.00000001,0.00000001,0.00000001,0.00000001,0.00000001,0.00000001,0.00000001,0.00000001
ISOPIMARIC ACID,0,0,0,0,0,0,0,0,0,0,0,0,0,0,0,0,0,0,0,0,0,,ISOPIMARIC ACID,0,0,0,0,0,0,0,0,0,0,0,0,0,0,0,0,0,0,0,0,0
UNC,0,0,0,0,0,0,0,0,0,0,0,0,0,0,0,0,0,0,0,0,0,,UNC,0.00000001,0.00000001,0.00000001,0.00000001,0.00000001,0.00000001,0.00000001,0.00000001,0.00000001,0.00000001,0.00000001,0.00000001,0.00000001,0.00000001,0.00000001,0.00000001,0.00000001,0.00000001,0.00000001,0.00000001,0.00000001
EICOSANOIC ACID,0,0,0,0,0,0,0,0,0,0,0,0,0,0,0,0,0,0,0,0,0,,EICOSANOIC ACID,0,0,0,0,0,0,0,0,0,0,0,0,0,0,0,0,0,0,0,0,0
UNC,0,0,0,0,0,0,0,0,0,0,0,0,0,0,0,0,0,0,0,0,0,,UNC,0.00000001,0.00000001,0.00000001,0.00000001,0.00000001,0.00000001,0.00000001,0.00000001,0.00000001,0.00000001,0.00000001,0.00000001,0.00000001,0.00000001,0.00000001,0.00000001,0.00000001,0.00000001,0.00000001,0.00000001,0.00000001
DEHYDROABIETIC ACID,0,0,0,0,0,0,0,0,0,0,0,0,0,0,0,0,0,0,0,0,0,,DEHYDROABIETIC ACID,0,0,0,0,0,0,0,0,0,0,0,0,0,0,0,0,0,0,0,0,0
UNC,0,0,0,0,0,0,0,0,0,0,0,0,0,0,0,0,0,0,0,0,0,,UNC,0.00000001,0.00000001,0.00000001,0.00000001,0.00000001,0.00000001,0.00000001,0.00000001,0.00000001,0.00000001,0.00000001,0.00000001,0.00000001,0.00000001,0.00000001,0.00000001,0.00000001,0.00000001,0.00000001,0.00000001,0.00000001
ABIETIC ACID,0,0,0,0,0,0,0,0,0,0,0,0,0,0,0,0,0,0,0,0,0,,ABIETIC ACID,0,0,0,0,0,0,0,0,0,0,0,0,0,0,0,0,0,0,0,0,0
UNC,0,0,0,0,0,0,0,0,0,0,0,0,0,0,0,0,0,0,0,0,0,,UNC,0.00000001,0.00000001,0.00000001,0.00000001,0.00000001,0.00000001,0.00000001,0.00000001,0.00000001,0.00000001,0.00000001,0.00000001,0.00000001,0.00000001,0.00000001,0.00000001,0.00000001,0.00000001,0.00000001,0.00000001,0.00000001
HENEICOSANOIC ACID,0.129074746,0.143916146,0.244085117,0,0,0,0,0,0,0.076629564,0.230519633,0.049205377,0.088322124,0,0,0,4.46748926,0,0,0.115882411,0,,HENEICOSANOIC ACID,0.000129075,0.000143916,0.000244085,0,0,0,0,0,0,7.66296E-05,0.00023052,4.92054E-05,8.83221E-05,0,0,0,0.004467489,0,0,0.000115882,0
UNC,0.041348808,0.04034278,0.089923939,0,0.002384113,0,0,0,0,0.021501945,0.086899965,0.012051773,0.028970006,0,0,0,2.272574915,0.010152294,0.033436311,0.120324988,0,,UNC,2.5815E-05,2.87832E-05,4.8817E-05,0.00000001,0.00000001,0.00000001,0.00000001,0.00000001,0.00000001,1.53259E-05,4.61039E-05,9.84108E-06,1.76644E-05,0.00000001,0.00000001,0.00000001,0.000893498,0.00000001,0.00000001,2.31765E-05,0.00000001
ABIETA-PENTAE-18-OIC ACID,0,0,0,0,0,0,0,0,0,0,0,0,0,0,0,0,0,0,0,0,0,,ABIETA-PENTAE-18-OIC ACID,0,0,0,0,0,0,0,0,0,0,0,0,0,0,0,0,0,0,0,0,0
UNC,0,0,0,0,0,0,0,0,0,0,0,0,0,0,0,0,0,0,0,0,0,,UNC,0.00000001,0.00000001,0.00000001,0.00000001,0.00000001,0.00000001,0.00000001,0.00000001,0.00000001,0.00000001,0.00000001,0.00000001,0.00000001,0.00000001,0.00000001,0.00000001,0.00000001,0.00000001,0.00000001,0.00000001,0.00000001
ABIETA-TETRAEN-18-OIC ACID,0,0,0,0,0,0,0,0,0,0,0,0,0,0,0,0,0,0,0,0,0,,ABIETA-TETRAEN-18-OIC ACID,0,0,0,0,0,0,0,0,0,0,0,0,0,0,0,0,0,0,0,0,0
UNC,0,0,0,0,0,0,0,0,0,0,0,0,0,0,0,0,0,0,0,0,0,,UNC,0.00000001,0.00000001,0.00000001,0.00000001,0.00000001,0.00000001,0.00000001,0.00000001,0.00000001,0.00000001,0.00000001,0.00000001,0.00000001,0.00000001,0.00000001,0.00000001,0.00000001,0.00000001,0.00000001,0.00000001,0.00000001
DOCOSANOIC ACID,0,0,0,0,0,0,0,0,0,0,0,0,0,0,0,0,0,0,0,0,0,,DOCOSANOIC ACID,0,0,0,0,0,0,0,0,0,0,0,0,0,0,0,0,0,0,0,0,0
UNC,0,0,0,0,0,0,0,0,0,0,0,0,0,0,0,0,0,0,0,0,0,,UNC,0.00000001,0.00000001,0.00000001,0.00000001,0.00000001,0.00000001,0.00000001,0.00000001,0.00000001,0.00000001,0.00000001,0.00000001,0.00000001,0.00000001,0.00000001,0.00000001,0.00000001,0.00000001,0.00000001,0.00000001,0.00000001
7-OXODEHYDROABIETIC ACID,0,0,0,0,0,0,0,0,0,0,0,0,0,0,0,0,0,0,0,0,0,,7-OXODEHYDROABIETIC ACID,0,0,0,0,0,0,0,0,0,0,0,0,0,0,0,0,0,0,0,0,0
UNC,0,0,0,0,0,0,0,0,0,0,0,0,0,0,0,0,0,0,0,0,0,,UNC,0.00000001,0.00000001,0.00000001,0.00000001,0.00000001,0.00000001,0.00000001,0.00000001,0.00000001,0.00000001,0.00000001,0.00000001,0.00000001,0.00000001,0.00000001,0.00000001,0.00000001,0.00000001,0.00000001,0.00000001,0.00000001
TRICOSANOIC ACID,0.248342104,0.133773993,0.198792593,0,0.011856448,0,0,0,0,0.075790974,0.460544663,0.029061738,0.074389834,0.036359634,0,0,3.469571103,0.034241594,0.094132679,0.578906549,0,,TRICOSANOIC ACID,0.000248342,0.000133774,0.000198793,0,1.18564E-05,0,0,0,0,7.5791E-05,0.000460545,2.90617E-05,7.43898E-05,3.63596E-05,0,0,0.003469571,3.42416E-05,9.41327E-05,0.000578907,0
UNC,0.056434148,0.038644616,0.075368405,0,0.003194723,0,0,0,0,0.020649708,0.1170311,0.033670392,0.024791316,0.019664078,0,0,1.860600084,0.010784468,0.04263641,0.196651952,0,,UNC,4.96684E-05,2.67548E-05,3.97585E-05,0.00000001,2.37131E-06,0.00000001,0.00000001,0.00000001,0.00000001,1.51582E-05,9.21089E-05,5.81236E-06,1.4878E-05,7.27193E-06,0.00000001,0.00000001,0.000693914,6.84833E-06,1.88265E-05,0.000115781,0.00000001
TETRACOSANOIC ACID,0,0,0,0,0,0,0,0,0,0,0,0,0,0,0,0,0,0,0,0,0,,TETRACOSANOIC ACID,0,0,0,0,0,0,0,0,0,0,0,0,0,0,0,0,0,0,0,0,0
UNC,0,0,0,0,0,0,0,0,0,0,0,0,0,0,0,0,0,0,0,0,0,,UNC,0.00000001,0.00000001,0.00000001,0.00000001,0.00000001,0.00000001,0.00000001,0.00000001,0.00000001,0.00000001,0.00000001,0.00000001,0.00000001,0.00000001,0.00000001,0.00000001,0.00000001,0.00000001,0.00000001,0.00000001,0.00000001
PENTACOSANOIC ACID,0.323419574,0.1350537,0.242352444,0,0.019222846,0,0,0,0,0.079306545,0.639241913,0.035021434,0.091748961,0.003651297,0,0,4.082905069,0.067883672,0.127528379,0.842688687,0,,PENTACOSANOIC ACID,0.00032342,0.000135054,0.000242352,0,1.92228E-05,0,0,0,0,7.93065E-05,0.000639242,3.50214E-05,9.1749E-05,3.6513E-06,0,0,0.004082905,6.78837E-05,0.000127528,0.000842689,0
UNC,0.089911604,0.057804412,0.105936493,0,0.004939062,0,0,0,0,0.030874813,0.184602658,0.053421689,0.035634545,0.001347797,0,0,2.493812315,0.019418117,0.0633071,0.315358683,0,,UNC,6.46839E-05,2.70107E-05,4.84705E-05,0.00000001,3.84458E-06,0.00000001,0.00000001,0.00000001,0.00000001,1.58613E-05,0.000127848,7.00429E-06,1.83498E-05,7.30328E-07,0.00000001,0.00000001,0.000816581,1.35767E-05,2.55057E-05,0.000168538,0.00000001
HEXACOSANOIC ACID,0.378780963,0.155930825,0.271734134,0,0.018801867,0,0,0,0,0.090260806,0.744176133,0.03529345,0.103621149,0,0,0,4.713716448,0.078802032,0.148565982,0.991872965,0,,HEXACOSANOIC ACID,0.000378781,0.000155931,0.000271734,0,1.88019E-05,0,0,0,0,9.02608E-05,0.000744176,3.52935E-05,0.000103621,0,0,0,0.004713716,7.8802E-05,0.000148566,0.000991873,0
UNC,0.103310466,0.064920953,0.119018015,0,0.005408279,0,0,0,0,0.034669048,0.2124143,0.046951182,0.040127934,0,0,0,2.838874306,0.022138555,0.072208329,0.364510576,0,,UNC,7.57562E-05,3.11862E-05,5.43468E-05,0.00000001,3.76039E-06,0.00000001,0.00000001,0.00000001,0.00000001,1.80522E-05,0.000148835,7.0587E-06,2.07242E-05,0.00000001,0.00000001,0.00000001,0.000942743,1.57604E-05,2.97132E-05,0.000198375,0.00000001
HEPTACOSANOIC ACID,0.35519276,0.176525121,0.134184572,0,0.017185819,0,0,0,0,0.100604676,0.586612216,0.017486158,0.05529535,0,0,0,5.356506826,0.072935826,0.138668023,0.871672879,0,,HEPTACOSANOIC ACID,0.000355193,0.000176525,0.000134185,0,1.71858E-05,0,0,0,0,0.000100605,0.000586612,1.74862E-05,5.52954E-05,0,0,0,0.005356507,7.29358E-05,0.000138668,0.000871673,0
UNC,0.085555748,0.070248175,0.1114717,0.094505332,0.049008235,0.100813447,0,0.142040561,0.093339443,0.043313398,0.16441028,0.050117257,0.050726969,0.042165865,0.079482087,0.21418624,2.797941502,0.01948951,0.062055812,0.286117404,0,,UNC,7.10386E-05,3.5305E-05,2.68369E-05,0.00000001,3.43718E-06,0.00000001,0.00000001,0.00000001,0.00000001,2.01209E-05,0.000117322,3.49725E-06,1.10591E-05,0.00000001,0.00000001,0.00000001,0.001071301,1.45872E-05,2.77336E-05,0.000174335,0.00000001
OCTACOSANOIC ACID,0,0,0,0,0,0,0,0,0,0,0,0,0,0,0,0,0,0,0,0,0,,OCTACOSANOIC ACID,0,0,0,0,0,0,0,0,0,0,0,0,0,0,0,0,0,0,0,0,0
UNC,0,0,0,0,0,0,0,0,0,0,0,0,0,0,0,0,0,0,0,0,0,,UNC,0.00000001,0.00000001,0.00000001,0.00000001,0.00000001,0.00000001,0.00000001,0.00000001,0.00000001,0.00000001,0.00000001,0.00000001,0.00000001,0.00000001,0.00000001,0.00000001,0.00000001,0.00000001,0.00000001,0.00000001,0.00000001
NONACOSANOIC ACID,0.276825399,0,0,0,0.00935909,0,0,0,0,0.003600855,0.567731937,0,0,0,0,0,0,0.04037481,0,1.025764895,0,,NONACOSANOIC ACID,0.000276825,0,0,0,9.35909E-06,0,0,0,0,3.60086E-06,0.000567732,0,0,0,0,0,0,4.03748E-05,0,0.001025765,0
UNC,0.077450202,0,0,0,0.002698359,0,0,0,0,0.001009175,0.162618098,0,0,0,0,0,0,0.011260161,0,0.308994689,0,,UNC,5.53651E-05,0.00000001,0.00000001,0.00000001,1.87184E-06,0.00000001,0.00000001,0.00000001,0.00000001,7.2024E-07,0.000113546,0.00000001,0.00000001,0.00000001,0.00000001,0.00000001,0.00000001,8.07497E-06,0.00000001,0.000205153,0.00000001
TRIACONTANOIC ACID,0,0,0,0,0,0,0,0,0,0,0,0,0,0,0,0,0,0,0,0,0,,TRIACONTANOIC ACID,0,0,0,0,0,0,0,0,0,0,0,0,0,0,0,0,0,0,0,0,0
UNC,0,0,0,0,0,0,0,0,0,0,0,0,0,0,0,0,0,0,0,0,0,,UNC,0.00000001,0.00000001,0.00000001,0.00000001,0.00000001,0.00000001,0.00000001,0.00000001,0.00000001,0.00000001,0.00000001,0.00000001,0.00000001,0.00000001,0.00000001,0.00000001,0.00000001,0.00000001,0.00000001,0.00000001,0.00000001
1H-PHENALEN-1-ONE,0.390967223,0.461840687,0.045896148,0.070727533,0.11939395,0.030072883,0.029408852,0.022529233,0.043514308,0.2988808,0.218442271,0.031442923,0.140223174,0.160105766,0.518708242,0.348440118,0,1.560669478,0.188182929,0,0.029408852,,1H-PHENALEN-1-ONE,0.000390967,0.000461841,4.58961E-05,7.07275E-05,0.000119394,3.00729E-05,2.94089E-05,2.25292E-05,4.35143E-05,0.000298881,0.000218442,3.14429E-05,0.000140223,0.000160106,0.000518708,0.00034844,0,0.001560669,0.000188183,0,2.94089E-05
UNC,0.033352856,0.042225541,0.00749636,0.013563871,0.012851272,0.006721829,0.023935134,0.00676818,0.008779815,0.024185936,0.039574727,0.007256863,0.021201391,0.018006458,0.087110592,0.091891648,0,0.175180795,0.033405466,0,0.023935134,,UNC,7.81934E-05,9.23681E-05,9.17924E-06,1.41455E-05,2.38788E-05,6.01458E-06,5.88178E-06,4.50586E-06,8.70287E-06,5.97762E-05,4.36885E-05,6.28859E-06,2.80446E-05,3.20212E-05,0.000103742,6.9688E-05,0.00000001,0.000312134,3.76366E-05,0.00000001,5.88178E-06
ANTHROQUINONE,0.085187019,0.13830949,0.026544415,0.040905851,0.044550769,0.025084096,0.009355771,0,0,0.102262638,0,0.02855289,0.001719438,0.149226592,0.223701277,0,0,0.204019417,0.106268007,0,0.009355771,,ANTHROQUINONE,8.5187E-05,0.000138309,2.65444E-05,4.09059E-05,4.45508E-05,2.50841E-05,9.35577E-06,0,0,0.000102263,0,2.85529E-05,1.71944E-06,0.000149227,0.000223701,0,0,0.000204019,0.000106268,0,9.35577E-06
UNC,0.008639097,0.014201331,0.005354894,0.009219423,0.004771022,0.006000736,0.021505547,0.002926896,0.001923358,0.008491917,0,0.006102696,0.000942749,0.015714773,0.038976527,0.004413535,0.010255129,0.026061875,0.018864263,0,0.021505547,,UNC,1.70374E-05,2.76619E-05,5.30889E-06,8.18118E-06,8.91016E-06,5.01683E-06,1.87118E-06,0.00000001,0.00000001,2.04525E-05,0.00000001,5.71059E-06,3.44033E-07,2.98453E-05,4.47403E-05,0.00000001,0.00000001,4.08039E-05,2.12536E-05,0.00000001,1.87118E-06
METHYL FLUORANTHENE (METHYL MW 202 PAH),0.225363801,0.277062582,0.126991189,0.109429559,0.053925091,0.035613877,0,0,0.095584944,0.174718811,0.146066857,0.016498299,0.115872374,0.109967749,0.22263052,0.377499096,0.547780515,0.322001617,0.09987329,0.146449836,0,,METHYL FLUORANTHENE (METHYL MW 202 PAH),0.000225364,0.000277063,0.000126991,0.00010943,5.39251E-05,3.56139E-05,0,0,9.55849E-05,0.000174719,0.000146067,1.64983E-05,0.000115872,0.000109968,0.000222631,0.000377499,0.000547781,0.000322002,9.98733E-05,0.00014645,0
UNC,0.014708894,0.019610935,0.017123754,0.020572336,0.006658261,0.008603102,0.027756995,0.008178093,0.01787622,0.0114602,0.016653966,0.004590019,0.010393973,0.01269122,0.031579041,0.095314553,0.24844745,0.031712683,0.015702761,0.024733775,0.027756995,,UNC,4.50728E-05,5.54125E-05,2.53982E-05,2.18859E-05,1.0785E-05,7.12278E-06,0.00000001,0.00000001,1.9117E-05,3.49438E-05,2.92134E-05,3.29968E-06,2.31745E-05,2.19936E-05,4.45261E-05,7.54998E-05,0.000109556,6.44003E-05,1.99747E-05,2.929E-05,0.00000001
RETENE,0,0,0,0,0,0,0,0,0,0,0,0,0,0,0,0,0,0,0,0,0,,RETENE,0,0,0,0,0,0,0,0,0,0,0,0,0,0,0,0,0,0,0,0,0
UNC,0,0,0,0,0,0,0,0,0,0,0,0,0,0,0,0,0,0,0,0,0,,UNC,0.00000001,0.00000001,0.00000001,0.00000001,0.00000001,0.00000001,0.00000001,0.00000001,0.00000001,0.00000001,0.00000001,0.00000001,0.00000001,0.00000001,0.00000001,0.00000001,0.00000001,0.00000001,0.00000001,0.00000001,0.00000001
BENZO(GHI)FLUORANTHENE,2.950588698,4.632076906,1.441048275,2.069079454,0.975332331,1.034975392,0.413641382,0.352105415,3.233862246,2.724280178,0.259698749,0.283575215,1.788430434,2.458657882,2.806226721,9.096174244,13.02480292,0.70357997,0.379008175,0.280275427,0.413641382,,BENZO(GHI)FLUORANTHENE,0.002950589,0.004632077,0.001441048,0.002069079,0.000975332,0.001034975,0.000413641,0.000352105,0.003233862,0.00272428,0.000259699,0.000283575,0.00178843,0.002458658,0.002806227,0.009096174,0.013024803,0.00070358,0.000379008,0.000280275,0.000413641
UNC,0.216473992,0.353777208,0.239608077,0.41252959,0.145419085,0.257417286,0.16531226,0.266714205,0.527832343,0.197138253,0.044281394,0.106659005,0.178427397,0.257131148,0.469498191,2.317043672,5.943903268,0.070899905,0.061725295,0.069787767,0.16531226,,UNC,0.000590118,0.000926415,0.00028821,0.000413816,0.000195066,0.000206995,8.27283E-05,7.04211E-05,0.000646772,0.000544856,5.19398E-05,5.6715E-05,0.000357686,0.000491732,0.000561245,0.001819235,0.002604961,0.000140716,7.58016E-05,5.60551E-05,8.27283E-05
CYCLOPENTA(CD)PYRENE,0.092413569,0.150042504,0,0,0.03686814,0,0.180067816,0,0,0.089064979,0,0.033810433,0.001974255,0.005092617,0.458544346,0,0,0.182376983,0.132835009,0,0.180067816,,CYCLOPENTA(CD)PYRENE,9.24136E-05,0.000150043,0,0,3.68681E-05,0,0.000180068,0,0,8.9065E-05,0,3.38104E-05,1.97426E-06,5.09262E-06,0.000458544,0,0,0.000182377,0.000132835,0,0.000180068
UNC,0.017930312,0.029211249,0,0,0.005586434,0,0.037016965,0,0,0.01574351,0,0.008127826,0.000494598,0.001275076,0.108153719,0,0,0.028231144,0.033397348,0,0.037016965,,UNC,1.84827E-05,3.00085E-05,0.00000001,0.00000001,7.37363E-06,0.00000001,3.60136E-05,0.00000001,0.00000001,1.7813E-05,0.00000001,6.76209E-06,3.94978E-07,1.01857E-06,9.17089E-05,0.00000001,0.00000001,3.64754E-05,2.6567E-05,0.00000001,3.60136E-05
BENZ(DE)ANTHRACEN-7-ONE,0.051093109,0.08295468,0.017816467,0.027455785,0.021921526,0.015356366,0.024497778,0,0,0.05950763,0,0.003704331,0,0.07893722,0.184718422,0,0,0.061989857,0.085235797,0,0.024497778,,BENZ(DE)ANTHRACEN-7-ONE,5.10931E-05,8.29547E-05,1.78165E-05,2.74558E-05,2.19215E-05,1.53564E-05,2.44978E-05,0,0,5.95076E-05,0,3.70433E-06,0,7.89372E-05,0.000184718,0,0,6.19899E-05,8.52358E-05,0,2.44978E-05
UNC,0.00524523,0.008619793,0.003122186,0.005546482,0.002312749,0.003169788,0.003080419,0,0,0.005072555,0,0.000836237,0,0.007954614,0.028834802,0,0,0.006762457,0.013248314,0,0.003080419,,UNC,1.02186E-05,1.65909E-05,3.56331E-06,5.49117E-06,4.38432E-06,3.07129E-06,4.89957E-06,0.00000001,0.00000001,1.19015E-05,0.00000001,7.40934E-07,0.00000001,1.57874E-05,3.69437E-05,0.00000001,0.00000001,1.2398E-05,1.70472E-05,0.00000001,4.89957E-06
METHYL MW 226 PAH,0,0,0,0,0,0,0,0,0,0,0,0,0,0,0,0,0,0,0,0,0,,METHYL MW 226 PAH,0,0,0,0,0,0,0,0,0,0,0,0,0,0,0,0,0,0,0,0,0
UNC,0,0,0,0,0,0,0,0,0,0,0,0,0,0,0,0,0,0,0,0,0,,UNC,0.00000001,0.00000001,0.00000001,0.00000001,0.00000001,0.00000001,0.00000001,0.00000001,0.00000001,0.00000001,0.00000001,0.00000001,0.00000001,0.00000001,0.00000001,0.00000001,0.00000001,0.00000001,0.00000001,0.00000001,0.00000001
"BENZ(A)ANTHRACENE-7,12-DIONE",0,0,0,0,0,0,0,0,0,0,0,0,0,0,0,0,0,0,0,0,0,,"BENZ(A)ANTHRACENE-7,12-DIONE",0,0,0,0,0,0,0,0,0,0,0,0,0,0,0,0,0,0,0,0,0
UNC,0,0,0,0,0,0,0,0,0,0,0,0,0,0,0,0,0,0,0,0,0,,UNC,0.00000001,0.00000001,0.00000001,0.00000001,0.00000001,0.00000001,0.00000001,0.00000001,0.00000001,0.00000001,0.00000001,0.00000001,0.00000001,0.00000001,0.00000001,0.00000001,0.00000001,0.00000001,0.00000001,0.00000001,0.00000001
METHYL CHRYSENE (METHYL MW 228 PAH),0.00105343,0.001710348,0,0,0.000300973,0,0,0,0,0.001026489,0,0.001795572,0.000145826,0.001552288,0,0,0,0.004602466,0,0,0,,METHYL CHRYSENE (METHYL MW 228 PAH),1.05343E-06,1.71035E-06,0,0,3.00973E-07,0,0,0,0,1.02649E-06,0,1.79557E-06,1.45826E-07,1.55229E-06,0,0,0,4.60247E-06,0,0,0
UNC,0.000197713,0.00032218,0,0,7.4141E-05,0,0.0002419,0,0,0.000175055,0,0.000565001,3.8542E-05,0.000390767,9.0896E-05,0,0,0.001254133,0,0,0.0002419,,UNC,2.10923E-07,3.42216E-07,0.00000001,0.00000001,6.10195E-08,0.00000001,0.00000001,0.00000001,0.00000001,2.05541E-07,0.00000001,3.59254E-07,3.08319E-08,3.10619E-07,0.00000001,0.00000001,0.00000001,9.20547E-07,0.00000001,0.00000001,0.00000001
TETRACOSANE,0.91998908,1.314906502,0.386630143,0.047971672,0.318125237,0.308576175,1.357165505,0.028554402,1.259166735,0.605721259,0.44080052,0.44145108,0.370178333,0.983774441,1.610292045,0,2.743275976,0.958085973,0.645867656,0.209781389,1.357165505,,TETRACOSANE,0.000919989,0.001314907,0.00038663,4.79717E-05,0.000318125,0.000308576,0.001357166,2.85544E-05,0.001259167,0.000605721,0.000440801,0.000441451,0.000370178,0.000983774,0.001610292,0,0.002743276,0.000958086,0.000645868,0.000209781,0.001357166
UNC,0.070293463,0.107363065,0.081858162,0.032675139,0.040795376,0.067203991,0.112783084,0.039320459,0.190428974,0.051730698,0.065161663,0.091348708,0.040255686,0.104049889,0.230302287,0,1.834197675,0.085410198,0.087549745,0.05469768,0.112783084,,UNC,0.000183998,0.000262981,7.7326E-05,9.59434E-06,6.3625E-05,6.17152E-05,0.000271433,5.71089E-06,0.000251833,0.000121144,8.81601E-05,8.82902E-05,7.40357E-05,0.000196755,0.000322058,0.00000001,0.000548655,0.000191617,0.000129174,4.19563E-05,0.000271433
PENTACOSANE,0.460088121,0.746998243,0,0,0.184156469,0.343156135,0.882305085,0,1.32582067,0.25251007,0,0.396099046,0.105155583,0.870794588,0.612709173,0,0,0.575087024,0.407020091,0,0.882305085,,PENTACOSANE,0.000460088,0.000746998,0,0,0.000184156,0.000343156,0.000882305,0,0.001325821,0.00025251,0,0.000396099,0.000105156,0.000870795,0.000612709,0,0,0.000575087,0.00040702,0,0.000882305
UNC,0.039002039,0.064450783,0,0,0.021356467,0.071388587,0.07525217,0,0.210979786,0.017301591,0,0.078000555,0.013149181,0.102017369,0.07368077,0,0,0.054284795,0.092476864,0,0.07525217,,UNC,9.20176E-05,0.0001494,0.00000001,0.00000001,3.68313E-05,6.86312E-05,0.000176461,0.00000001,0.000265164,5.0502E-05,0.00000001,7.92198E-05,2.10311E-05,0.000174159,0.000122542,0.00000001,0.00000001,0.000115017,8.1404E-05,0.00000001,0.000176461
HEXACOSANE,0.241443014,0.392006441,0,0,0.070395559,0.284007585,0.064537489,0,0.964565475,0.10147967,0,0.397452228,0.051301577,0.605962034,0.243053846,0,0,0.207958403,0,0,0.064537489,,HEXACOSANE,0.000241443,0.000392006,0,0,7.03956E-05,0.000284008,6.45375E-05,0,0.000964565,0.00010148,0,0.000397452,5.13016E-05,0.000605962,0.000243054,0,0,0.000207958,0,0,6.45375E-05
UNC,0.034611928,0.05654765,0,0,0.017692463,0.078135443,0.013659076,0,0.190694971,0.01153828,0,0.081066445,0.013625034,0.099609864,0.03394984,0,0,0.034342369,0,0,0.013659076,,UNC,4.82886E-05,7.84013E-05,0.00000001,0.00000001,1.40791E-05,5.68015E-05,1.29075E-05,0.00000001,0.000192913,2.02959E-05,0.00000001,7.94904E-05,1.02603E-05,0.000121192,4.86108E-05,0.00000001,0.00000001,4.15917E-05,0.00000001,0.00000001,1.29075E-05
HEPTACOSANE,0.16564318,0.268937968,0,0,0,0,0,0,0.632283844,0.019416904,0,0.46745205,0,0.38412294,0.090322373,0,0,0.068713862,0,0,0,,HEPTACOSANE,0.000165643,0.000268938,0,0,0,0,0,0,0.000632284,1.94169E-05,0,0.000467452,0,0.000384123,9.03224E-05,0,0,6.87139E-05,0,0,0
UNC,0.039841168,0.064830181,0,0,0,0,0,0,0.187010757,0.003813661,0,0.097803439,0,0.107113405,0.020452214,0,0,0.027106862,0,0,0,,UNC,3.31286E-05,5.37876E-05,0.00000001,0.00000001,0.00000001,0.00000001,0.00000001,0.00000001,0.000126457,3.88339E-06,0.00000001,9.34904E-05,0.00000001,7.68246E-05,1.80645E-05,0.00000001,0.00000001,1.37428E-05,0.00000001,0.00000001,0.00000001
OCTACOSANE,0.110006803,0.178606847,0,0,0,0.077440067,0,0,0.535948434,0.005528938,0,0.500187933,0,0.325597579,0.03758006,0,0,0,0,0,0,,OCTACOSANE,0.000110007,0.000178607,0,0,0,7.74401E-05,0,0,0.000535948,5.52894E-06,0,0.000500188,0,0.000325598,3.75801E-05,0,0,0,0,0,0
UNC,0.037096149,0.060297553,0,0,0,0.028970625,0,0,0.175652918,0.002458873,0,0.104857896,0,0.101768529,0.016895983,0,0,0,0,0,0,,UNC,2.20014E-05,3.57214E-05,0.00000001,0.00000001,0.00000001,1.5488E-05,0.00000001,0.00000001,0.00010719,1.10583E-06,0.00000001,0.000100038,0.00000001,6.51195E-05,7.51602E-06,0.00000001,0.00000001,0.00000001,0.00000001,0.00000001,0.00000001
ISO-NONACOSANE,0,0,0,0,0,0,0,0,0,0,0,0.020334743,0,0,0,0,0,0,0,0,0,,ISO-NONACOSANE,0,0,0,0,0,0,0,0,0,0,0,2.03347E-05,0,0,0,0,0,0,0,0,0
UNC,0,0,0,0,0,0,0,0,0,0,0,0.004535443,0,0,0,0,0,0,0,0,0,,UNC,0.00000001,0.00000001,0.00000001,0.00000001,0.00000001,0.00000001,0.00000001,0.00000001,0.00000001,0.00000001,0.00000001,4.06696E-06,0.00000001,0.00000001,0.00000001,0.00000001,0.00000001,0.00000001,0.00000001,0.00000001,0.00000001
SQUALENE,3.862315537,0,0,0,0,0,0,0,0,0,7.921093542,0,0,0,0,0,0,0,0,14.31164807,0,,SQUALENE,0.003862316,0,0,0,0,0,0,0,0,0,0.007921094,0,0,0,0,0,0,0,0,0.014311648,0
UNC,1.31726139,0,0,0,0,2.152216763,0,0,0,0,2.744934682,0,0,0,0,0,0,0,0,5.135930989,0,,UNC,0.000772463,0.00000001,0.00000001,0.00000001,0.00000001,0.00000001,0.00000001,0.00000001,0.00000001,0.00000001,0.001584219,0.00000001,0.00000001,0.00000001,0.00000001,0.00000001,0.00000001,0.00000001,0.00000001,0.00286233,0.00000001
NONACOSANE,0.095656669,0.155307995,0,0,0,0,0,0,0.422411851,0,0,0.459318104,0,0.256622218,0,0,0,0,0,0,0,,NONACOSANE,9.56567E-05,0.000155308,0,0,0,0,0,0,0.000422412,0,0,0.000459318,0,0.000256622,0,0,0,0,0,0,0
UNC,0.036315556,0.059014639,0,0,0,0,0,0,0.166725289,0,0,0.096605214,0,0.098077093,0,0,0,0,0,0,0,,UNC,1.91313E-05,3.10616E-05,0.00000001,0.00000001,0.00000001,0.00000001,0.00000001,0.00000001,8.44824E-05,0.00000001,0.00000001,9.18636E-05,0.00000001,5.13244E-05,0.00000001,0.00000001,0.00000001,0.00000001,0.00000001,0.00000001,0.00000001
ANTEISO-TRIACONTANE,0,0,0,0,0.007009222,0,0,0,0,0.002696757,0,0.019967449,0,0.008368651,0,0,0,0,0,0,0,,ANTEISO-TRIACONTANE,0,0,0,0,7.00922E-06,0,0,0,0,2.69676E-06,0,1.99674E-05,0,8.36865E-06,0,0,0,0,0,0,0
UNC,0,0,0,0,0.000912521,0,0,0,0,0.00029993,0,0.004060867,0,0.000991459,0,0,0,0,0,0,0,,UNC,0.00000001,0.00000001,0.00000001,0.00000001,1.40188E-06,0.00000001,0.00000001,0.00000001,0.00000001,5.39444E-07,0.00000001,3.9935E-06,0.00000001,1.67376E-06,0.00000001,0.00000001,0.00000001,0.00000001,0.00000001,0.00000001,0.00000001
TRIACONTANE,0,0,0,0,0,0,0,0,0,0,0,0.351333607,0,0,0,0,0,0,0,0,0,,TRIACONTANE,0,0,0,0,0,0,0,0,0,0,0,0.000351334,0,0,0,0,0,0,0,0,0
UNC,0,0,0,0,0,0,0,0,0,0,0,0.073580141,0,0,0,0,0,0,0,0,0,,UNC,0.00000001,0.00000001,0.00000001,0.00000001,0.00000001,0.00000001,0.00000001,0.00000001,0.00000001,0.00000001,0.00000001,7.02667E-05,0.00000001,0.00000001,0.00000001,0.00000001,0.00000001,0.00000001,0.00000001,0.00000001,0.00000001
ISO-HENTRIACONTANE,0,0,0,0,0,0,0,0,0,0,0,0.026044499,0,0,0,0,0,0,0,0,0,,ISO-HENTRIACONTANE,0,0,0,0,0,0,0,0,0,0,0,2.60445E-05,0,0,0,0,0,0,0,0,0
UNC,0,0,0,0,0,0.005561407,0,0,0,0,0,0.005296784,0,0,0,0,0,0,0,0,0,,UNC,0.00000001,0.00000001,0.00000001,0.00000001,0.00000001,0.00000001,0.00000001,0.00000001,0.00000001,0.00000001,0.00000001,5.20891E-06,0.00000001,0.00000001,0.00000001,0.00000001,0.00000001,0.00000001,0.00000001,0.00000001,0.00000001
HENTRIACONTANE,0.155799296,0.252955455,0,0,0.091593547,0.1123726,0,0,0.418877848,0.110199835,0,0.283016884,0,0.312300504,0.015115742,1.573600531,0,0.024018329,0,0,0,,HENTRIACONTANE,0.000155799,0.000252955,0,0,9.15935E-05,0.000112373,0,0,0.000418878,0.0001102,0,0.000283017,0,0.000312301,1.51157E-05,0.001573601,0,2.40183E-05,0,0,0
UNC,0.040263188,0.065497433,0,0,0.027330268,0.115974172,0,0,0.09389773,0.032782877,0,0.058349986,0,0.054197093,0.006286815,0.662912224,0,0.010218769,0,0,0,,UNC,3.11599E-05,5.05911E-05,0.00000001,0.00000001,1.83187E-05,2.24745E-05,0.00000001,0.00000001,8.37756E-05,2.204E-05,0.00000001,5.66034E-05,0.00000001,6.24601E-05,3.02316E-06,0.00031472,0.00000001,4.80368E-06,0.00000001,0.00000001,0.00000001
ANTEISO-DOTRIACONTANE,0,0,0,0,0,0,0,0,0,0,0,0.014758549,0,0,0,0,0,0,0,0,0,,ANTEISO-DOTRIACONTANE,0,0,0,0,0,0,0,0,0,0,0,1.47585E-05,0,0,0,0,0,0,0,0,0
UNC,0,0,0,0,0,0,0,0,0,0,0,0.003001511,0,0,0,0,0,0,0,0,0,,UNC,0.00000001,0.00000001,0.00000001,0.00000001,0.00000001,0.00000001,0.00000001,0.00000001,0.00000001,0.00000001,0.00000001,2.95173E-06,0.00000001,0.00000001,0.00000001,0.00000001,0.00000001,0.00000001,0.00000001,0.00000001,0.00000001
DOTRIACONTANE,0.034468213,0.055962529,0,0,0.01466545,0.052042406,0,0,0.164490286,0.013553971,0,0.16401356,0.005035642,0.124635078,0.010836824,0,0,0,0,0,0,,DOTRIACONTANE,3.44682E-05,5.59625E-05,0,0,1.46654E-05,5.20424E-05,0,0,0.00016449,1.3554E-05,0,0.000164014,5.03564E-06,0.000124635,1.08368E-05,0,0,0,0,0,0
UNC,0.006333255,0.010321891,0,0,0.003358512,0.050333574,0,0,0.034580835,0.001997708,0,0.033571891,0.002411518,0.019099671,0.0027607,0,0,0,0,0,0,,UNC,6.89365E-06,1.11925E-05,0.00000001,0.00000001,2.93311E-06,1.04085E-05,0.00000001,0.00000001,3.28981E-05,2.71081E-06,0.00000001,3.28027E-05,1.00718E-06,2.4927E-05,2.16739E-06,0.00000001,0.00000001,0.00000001,0.00000001,0.00000001,0.00000001
ISO-TRITRIACONTANE,0,0,0,0,0,0,0,0,0,0,0,0,0,0,0,0,0,0,0,0,0,,ISO-TRITRIACONTANE,0,0,0,0,0,0,0,0,0,0,0,0,0,0,0,0,0,0,0,0,0
UNC,0,0,0,0,0,0,0,0,0,0,0,0,0,0,0,0,0,0,0,0,0,,UNC,0.00000001,0.00000001,0.00000001,0.00000001,0.00000001,0.00000001,0.00000001,0.00000001,0.00000001,0.00000001,0.00000001,0.00000001,0.00000001,0.00000001,0.00000001,0.00000001,0.00000001,0.00000001,0.00000001,0.00000001,0.00000001
TRITRIACONTANE,0.001485694,0.002412169,0,0,0,0.027894937,0,0,0,0.006813733,0,0.103690494,0,0.017158829,0.008729922,0,0,0,0,0,0,,TRITRIACONTANE,1.48569E-06,2.41217E-06,0,0,0,2.78949E-05,0,0,0,6.81373E-06,0,0.00010369,0,1.71588E-05,8.72992E-06,0,0,0,0,0,0
UNC,0.000268073,0.000436965,0,0,0,0.023900667,0,0,0,0.000947697,0,0.021185046,0,0.00287993,0.001683383,0,0,0,0,0,0,,UNC,2.97307E-07,4.82538E-07,0.00000001,0.00000001,0.00000001,5.579E-06,0.00000001,0.00000001,0.00000001,1.36278E-06,0.00000001,2.07381E-05,0.00000001,3.43178E-06,1.74601E-06,0.00000001,0.00000001,0.00000001,0.00000001,0.00000001,0.00000001
TETRATRIACONTANE,0,0,0,0,0,0,0,0,0,0,0,0.057297897,0,0,0,0,0,0,0,0,0,,TETRATRIACONTANE,0,0,0,0,0,0,0,0,0,0,0,5.72979E-05,0,0,0,0,0,0,0,0,0
UNC,1.45414E-05,2.36094E-05,0,0,0,0,0.000451697,0,0,0,0,0.011652924,0,0,0,0,0,0,0,0,0.000451697,,UNC,0.00000001,0.00000001,0.00000001,0.00000001,0.00000001,0.00000001,0.00000001,0.00000001,0.00000001,0.00000001,0.00000001,1.14596E-05,0.00000001,0.00000001,0.00000001,0.00000001,0.00000001,0.00000001,0.00000001,0.00000001,0.00000001
PENTATRIACONTANE,0,0,0,0,0,0,0,0,0,0,0,0,0,0,0,0,0,0,0,0,0,,PENTATRIACONTANE,0,0,0,0,0,0,0,0,0,0,0,0,0,0,0,0,0,0,0,0,0
UNC,0,0,0,0,0,0,0,0,0,0,0,0,0,0,0,0,0,0,0,0,0,,UNC,0.00000001,0.00000001,0.00000001,0.00000001,0.00000001,0.00000001,0.00000001,0.00000001,0.00000001,0.00000001,0.00000001,0.00000001,0.00000001,0.00000001,0.00000001,0.00000001,0.00000001,0.00000001,0.00000001,0.00000001,0.00000001
HEXATRIACONTANE,0,0,0,0,0,0,0,0,0,0,0,0.024308199,0,0,0,0,0,0,0,0,0,,HEXATRIACONTANE,0,0,0,0,0,0,0,0,0,0,0,2.43082E-05,0,0,0,0,0,0,0,0,0
UNC,0,0,0,0,0,0,0,0,0,0,0,0.004943665,0,0,0,0,0,0,0,0,0,,UNC,0.00000001,0.00000001,0.00000001,0.00000001,0.00000001,0.00000001,0.00000001,0.00000001,0.00000001,0.00000001,0.00000001,4.86165E-06,0.00000001,0.00000001,0.00000001,0.00000001,0.00000001,0.00000001,0.00000001,0.00000001,0.00000001
LEVOGLUCOSAN,0,0,0,0,0,0,0,0,0,0,0,0,0,0,0,0,0,0,0,0,0,,LEVOGLUCOSAN,0,0,0,0,0,0,0,0,0,0,0,0,0,0,0,0,0,0,0,0,0
UNC,0,0,0,0,0,0,0,0,0,0,0,0,0,0,0,0,0,0,0,0,0,,UNC,0.00000001,0.00000001,0.00000001,0.00000001,0.00000001,0.00000001,0.00000001,0.00000001,0.00000001,0.00000001,0.00000001,0.00000001,0.00000001,0.00000001,0.00000001,0.00000001,0.00000001,0.00000001,0.00000001,0.00000001,0.00000001
"20R,ABB-CHOLESTANE",0.004139998,0.006721693,0,0,0.001682903,0.002079508,0.052261324,0,0,0.003184247,0,3.44646E-05,0.000170282,0.007984813,0.001269722,0,0,0.003242174,0,0,0.052261324,,"20R,ABB-CHOLESTANE",4.14E-06,6.72169E-06,0,0,1.6829E-06,2.07951E-06,5.22613E-05,0,0,3.18425E-06,0,3.44646E-08,1.70282E-07,7.98481E-06,1.26972E-06,0,0,3.24217E-06,0,0,5.22613E-05
UNC,0.000295058,0.000491077,0,0,0.000169161,0.000377803,0.004196727,0,0,0.000233628,0,7.00923E-06,1.88171E-05,0.000736856,0.000164215,0,0,0.000258288,0,0,0.004196727,,UNC,8.2806E-07,1.34438E-06,0.00000001,0.00000001,3.36729E-07,4.16022E-07,1.04523E-05,0.00000001,0.00000001,6.36928E-07,0.00000001,1.21455E-08,3.54941E-08,1.59699E-06,2.54141E-07,0.00000001,0.00000001,6.48512E-07,0.00000001,0.00000001,1.04523E-05
"20S,ABB-CHOLESTANE",0.003727251,0.006051558,0.002227058,0.003431973,0.001571971,0.001759584,0.030109547,0,0,0.00390549,0,2.29764E-05,0,0.010286353,0.001753426,0,0,0.003731438,0,0,0.030109547,,"20S,ABB-CHOLESTANE",3.72725E-06,6.05156E-06,2.22706E-06,3.43197E-06,1.57197E-06,1.75958E-06,3.01095E-05,0,0,3.90549E-06,0,2.29764E-08,0,1.02864E-05,1.75343E-06,0,0,3.73144E-06,0,0,3.01095E-05
UNC,0.000280574,0.000465799,0.000323573,0.000606305,0.000166573,0.000319679,0.002422446,0,0,0.000275003,0,4.67282E-06,0,0.00089284,0.000226773,0,0,0.000265312,0,0,0.002422446,,UNC,7.45517E-07,1.21035E-06,4.45524E-07,6.86467E-07,3.14553E-07,3.52059E-07,6.02192E-06,0.00000001,0.00000001,7.81162E-07,0.00000001,1.10053E-08,0.00000001,2.05729E-06,3.50828E-07,0.00000001,0.00000001,7.46355E-07,0.00000001,0.00000001,6.02192E-06
"20R,AAA-CHOLESTANE",0.005729287,0.009302059,0.002631978,0.004055968,0.003298171,0.003039281,0.067703146,0,0,0.005611011,0,0.000114882,0.000312404,0.012833961,0.003105495,0,0,0.008309675,0.001826481,0,0.067703146,,"20R,AAA-CHOLESTANE",5.72929E-06,9.30206E-06,2.63198E-06,4.05597E-06,3.29817E-06,3.03928E-06,6.77031E-05,0,0,5.61101E-06,0,1.14882E-07,3.12404E-07,1.2834E-05,3.10549E-06,0,0,8.30967E-06,1.82648E-06,0,6.77031E-05
UNC,0.000390228,0.000650959,0.000382404,0.000716543,0.000314091,0.000552174,0.005753735,0,0,0.000357554,0,2.33641E-05,3.00898E-05,0.001069277,0.000342066,0,0,0.000610771,0.000220384,0,0.005753735,,UNC,1.1459E-06,1.86044E-06,5.26491E-07,8.11255E-07,6.5971E-07,6.07938E-07,1.35406E-05,0.00000001,0.00000001,1.12225E-06,0.00000001,2.50583E-08,6.3276E-08,2.56681E-06,6.21179E-07,0.00000001,0.00000001,1.66196E-06,3.65433E-07,0.00000001,1.35406E-05
"20R,ABB-ERGOSTANE",0.001055521,0.001713742,0,0,0.000364912,0,0.019454018,0,0,0.000511476,0,0,0,0.000514638,0.000846482,0,0,0.00247908,0,0,0.019454018,,"20R,ABB-ERGOSTANE",1.05552E-06,1.71374E-06,0,0,3.64912E-07,0,1.9454E-05,0,0,5.11476E-07,0,0,0,5.14638E-07,8.46482E-07,0,0,2.47908E-06,0,0,1.9454E-05
UNC,7.18127E-05,0.000119801,0,0,3.89274E-05,0,0.0016254,0,0,3.44164E-05,0,0,0,4.91225E-05,0.000109477,0,0,0.000209264,0,0,0.0016254,,UNC,2.11341E-07,3.42894E-07,0.00000001,0.00000001,7.36642E-08,0.00000001,3.89082E-06,0.00000001,0.00000001,1.02783E-07,0.00000001,0.00000001,0.00000001,1.03412E-07,1.69591E-07,0.00000001,0.00000001,4.95917E-07,0.00000001,0.00000001,3.89082E-06
"22,29,30-TRISNORHOPANE",0.007935924,0.012884752,0,0,0.002839566,0.001379376,0.092911217,0.001006405,0.001396647,0.005309735,0,0,0.000902664,0.007642582,0.001692963,0.007868003,0,0.019914636,0,0,0.092911217,,"22,29,30-TRISNORHOPANE",7.93592E-06,1.28848E-05,0,0,2.83957E-06,1.37938E-06,9.29112E-05,1.00641E-06,1.39665E-06,5.30973E-06,0,0,9.02664E-07,7.64258E-06,1.69296E-06,7.868E-06,0,1.99146E-05,0,0,9.29112E-05
UNC,0.000500425,0.000838444,0,0,0.000268277,0.000237277,0.007489626,0.00027247,0.000199189,0.000351441,0,0,7.51025E-05,0.000748203,0.000218953,0.001804447,0,0.00176109,0,0,0.007489626,,UNC,1.58722E-06,2.57697E-06,0.00000001,0.00000001,5.68001E-07,2.76056E-07,1.85822E-05,2.01529E-07,2.79508E-07,1.06199E-06,0.00000001,0.00000001,1.8081E-07,1.52855E-06,3.3874E-07,1.57363E-06,0.00000001,3.98294E-06,0.00000001,0.00000001,1.85822E-05
"20S,ABB-ERGOSTANE",0.001037345,0.001684232,0,0,0.000323035,0,0.020685457,0,0,0.00044538,0,0,0,0.000463061,0.000967407,0,0,0.001724843,0,0,0.020685457,,"20S,ABB-ERGOSTANE",1.03735E-06,1.68423E-06,0,0,3.23035E-07,0,2.06855E-05,0,0,4.4538E-07,0,0,0,4.63061E-07,9.67407E-07,0,0,1.72484E-06,0,0,2.06855E-05
UNC,7.25742E-05,0.000120898,0,0,3.46857E-05,0,0.001743478,0,0,3.01081E-05,0,0,0,4.40247E-05,0.000125116,0,0,0.000142022,0,0,0.001743478,,UNC,2.0771E-07,3.36995E-07,0.00000001,0.00000001,6.53764E-08,0.00000001,4.1371E-06,0.00000001,0.00000001,8.96355E-08,0.00000001,0.00000001,0.00000001,9.31506E-08,1.9374E-07,0.00000001,0.00000001,3.45114E-07,0.00000001,0.00000001,4.1371E-06
"20R,ABB-SITOSTANE",0.005772363,0.009371998,0,0,0.001553404,0.000169672,0.061112324,0,0.000171797,0.003887073,0,0,0.000269295,0.008008122,0.001572037,0,0,0.010035247,0,0,0.061112324,,"20R,ABB-SITOSTANE",5.77236E-06,9.372E-06,0,0,1.5534E-06,1.69672E-07,6.11123E-05,0,1.71797E-07,3.88707E-06,0,0,2.69295E-07,8.00812E-06,1.57204E-06,0,0,1.00352E-05,0,0,6.11123E-05
UNC,0.000402197,0.00067014,0,0,0.000153465,3.08259E-05,0.005330784,0,2.64798E-05,0.000295817,0,0,2.76412E-05,0.000837589,0.000203314,0,0,0.000882655,0,0,0.005330784,,UNC,1.15452E-06,1.87443E-06,0.00000001,0.00000001,3.10842E-07,3.53772E-08,1.22225E-05,0.00000001,3.57849E-08,7.77479E-07,0.00000001,0.00000001,5.47794E-08,1.60166E-06,3.14566E-07,0.00000001,0.00000001,2.00707E-06,0.00000001,0.00000001,1.22225E-05
"20S,ABB-SITOSTANE",0.002739068,0.004447146,0,0,0.001132514,0.000131967,0.055147103,0,0.00013362,0.001268869,0,0,9.24118E-05,0.000944094,0.001330185,0,0,0.008092247,0,0,0.055147103,,"20S,ABB-SITOSTANE",2.73907E-06,4.44715E-06,0,0,1.13251E-06,1.31967E-07,5.51471E-05,0,1.3362E-07,1.26887E-06,0,0,9.24118E-08,9.44094E-07,1.33019E-06,0,0,8.09225E-06,0,0,5.51471E-05
UNC,0.000188867,0.000314857,0,0,0.000113942,2.39757E-05,0.004431483,0,2.05954E-05,8.63148E-05,0,0,1.09768E-05,8.59602E-05,0.000172035,0,0,0.000677115,0,0,0.004431483,,UNC,5.47905E-07,8.89485E-07,0.00000001,0.00000001,2.26724E-07,2.82243E-08,1.10294E-05,0.00000001,2.85336E-08,2.53971E-07,0.00000001,0.00000001,2.10142E-08,1.89083E-07,2.66225E-07,0.00000001,0.00000001,1.61848E-06,0.00000001,0.00000001,1.10294E-05
17B-21A-30-NORHOPANE,0.040305163,0.065439389,0.008794791,0.013553074,0.015268105,0.015627543,0.220214067,0.009717446,0.021605994,0.035142956,0,0,0.0088763,0.03577831,0.066260133,0.078680027,0,0.075938266,0.029334398,0,0.220214067,,17B-21A-30-NORHOPANE,4.03052E-05,6.54394E-05,8.79479E-06,1.35531E-05,1.52681E-05,1.56275E-05,0.000220214,9.71745E-06,2.1606E-05,3.5143E-05,0,0,8.8763E-06,3.57783E-05,6.62601E-05,7.868E-05,0,7.59383E-05,2.93344E-05,0,0.000220214
UNC,0.002383076,0.004009444,0.00113794,0.002220461,0.001369811,0.002517676,0.017764916,0.002544524,0.002889875,0.002109129,0,5.1449E-05,0.000689376,0.002721503,0.00813891,0.018044468,0,0.00668964,0.003539497,0,0.017764916,,UNC,8.06104E-06,1.30879E-05,1.75899E-06,2.71063E-06,3.05364E-06,3.12552E-06,4.40428E-05,1.94351E-06,4.32121E-06,7.0286E-06,0.00000001,0.00000001,1.77529E-06,7.15567E-06,1.3252E-05,1.5736E-05,0.00000001,1.51877E-05,5.86689E-06,0.00000001,4.40428E-05
17A-21B-HOPANE,0.016790909,0.02726169,0.001315989,0.002027984,0.009086143,0.012071523,0.128486296,0.004624024,0.014878205,0.013986665,0,0,0.001675187,0.029423065,0.018894526,0.008430003,0,0.031140508,0.020478731,0,0.128486296,,17A-21B-HOPANE,1.67909E-05,2.72617E-05,1.31599E-06,2.02798E-06,9.08614E-06,1.20715E-05,0.000128486,4.62402E-06,1.48782E-05,1.39867E-05,0,0,1.67519E-06,2.94231E-05,1.88945E-05,8.43E-06,0,3.11405E-05,2.04787E-05,0,0.000128486
UNC,0.001009605,0.001696694,0.000191202,0.000358271,0.000834005,0.001969626,0.010365906,0.001251888,0.001978383,0.000850643,0,7.20287E-05,0.000157018,0.002294506,0.002237912,0.001933336,0,0.00261869,0.002470969,0,0.010365906,,UNC,3.3582E-06,5.45235E-06,2.63388E-07,4.0572E-07,1.81726E-06,2.41433E-06,2.56973E-05,9.24859E-07,2.97566E-06,2.79735E-06,0.00000001,0.00000001,3.35187E-07,5.88462E-06,3.77892E-06,1.68603E-06,0.00000001,6.22811E-06,4.09576E-06,0.00000001,2.56973E-05
"22S,AB-30-HOMOHOPANE",0.003908344,0.00634558,0,0,0.003449641,0.002262294,0.055494345,0,0.002290621,0.003161545,0,0,0.000283356,0.004269125,0.002502081,0,0,0.016612143,0.009962626,0,0.055494345,,"22S,AB-30-HOMOHOPANE",3.90834E-06,6.34558E-06,0,0,3.44964E-06,2.26229E-06,5.54943E-05,0,2.29062E-06,3.16155E-06,0,0,2.83356E-07,4.26913E-06,2.50208E-06,0,0,1.66121E-05,9.96263E-06,0,5.54943E-05
UNC,0.000263109,0.000439179,0,0,0.000323425,0.000411011,0.004458484,0,0.000353064,0.000206621,0,0,2.9089E-05,0.00034854,0.00027118,0,0,0.001516882,0.001202093,0,0.004458484,,UNC,7.81733E-07,1.26916E-06,0.00000001,0.00000001,6.90001E-07,4.52569E-07,1.10989E-05,0.00000001,4.58233E-07,6.32388E-07,0.00000001,0.00000001,5.75468E-08,8.53884E-07,5.00516E-07,0.00000001,0.00000001,3.32244E-06,1.99255E-06,0.00000001,1.10989E-05
"22R,AB-30-HOMOHOPANE",0.002793987,0.004536312,0,0,0.002650151,0.000876639,0.039124851,0,0.000887615,0.002346159,0,0,0.000195696,0.002597608,0.002315829,0,0,0.012312402,0.005534792,0,0.039124851,,"22R,AB-30-HOMOHOPANE",2.79399E-06,4.53631E-06,0,0,2.65015E-06,8.76639E-07,3.91249E-05,0,8.87615E-07,2.34616E-06,0,0,1.95696E-07,2.59761E-06,2.31583E-06,0,0,1.23124E-05,5.53479E-06,0,3.91249E-05
UNC,0.000188186,0.000314109,0,0,0.000246845,0.000159267,0.00315493,0,0.000136812,0.000151765,0,0,2.3245E-05,0.000208598,0.000252931,0,0,0.00109921,0.00066783,0,0.00315493,,UNC,5.58887E-07,9.07317E-07,0.00000001,0.00000001,5.30124E-07,1.75613E-07,7.82498E-06,0.00000001,1.77805E-07,4.69338E-07,0.00000001,0.00000001,4.03964E-08,5.19618E-07,4.63274E-07,0.00000001,0.00000001,2.4625E-06,1.107E-06,0.00000001,7.82498E-06
"22S,AB-30-BISHOMOHOPANE",0.001893233,0.003073849,0,0,0.000596335,0,0.030006786,0,0,0.001031026,0,0,5.65343E-05,0.00063536,0.000967407,0,0,0.007165522,0,0,0.030006786,,"22S,AB-30-BISHOMOHOPANE",1.89323E-06,3.07385E-06,0,0,5.96335E-07,0,3.00068E-05,0,0,1.03103E-06,0,0,5.65343E-08,6.3536E-07,9.67407E-07,0,0,7.16552E-06,0,0,3.00068E-05
UNC,0.000128588,0.000214536,0,0,6.33752E-05,0,0.002476082,0,0,7.56618E-05,0,0,6.71523E-06,6.48563E-05,0.000125116,0,0,0.000650959,0,0,0.002476082,,UNC,3.78779E-07,6.14851E-07,0.00000001,0.00000001,1.19685E-07,0.00000001,6.00137E-06,0.00000001,0.00000001,2.06447E-07,0.00000001,0.00000001,1.50945E-08,1.27465E-07,1.9374E-07,0.00000001,0.00000001,1.43314E-06,0.00000001,0.00000001,6.00137E-06
"22R,AB-30-BISHOMOHOPANE",0.001126843,0.00182954,0,0,0.000481169,0,0.015857947,0,0,0.000717945,0,0,2.1744E-05,0.00072007,0,0,0,0.005254644,0,0,0.015857947,,"22R,AB-30-BISHOMOHOPANE",1.12684E-06,1.82954E-06,0,0,4.81169E-07,0,1.58579E-05,0,0,7.17945E-07,0,0,2.1744E-08,7.2007E-07,0,0,0,5.25464E-06,0,0,1.58579E-05
UNC,7.83935E-05,0.000130629,0,0,5.12347E-05,0,0.001274002,0,0,5.47003E-05,0,0,2.58278E-06,7.19037E-05,0,0,0,0.000475766,0,0,0.001274002,,UNC,2.2559E-07,3.66045E-07,0.00000001,0.00000001,9.67519E-08,0.00000001,3.17161E-06,0.00000001,0.00000001,1.43937E-07,0.00000001,0.00000001,1.09047E-08,1.44361E-07,0.00000001,0.00000001,0.00000001,1.05098E-06,0.00000001,0.00000001,3.17161E-06
"22S,AB-30,31,32-TRISHOMOHOPANE",0.000944866,0.001534083,0,0,0,0,0.015522562,0,0,0.000384833,0,0,0,0.000268199,0,0,0,0.003345907,0,0,0.015522562,,"22S,AB-30,31,32-TRISHOMOHOPANE",9.44866E-07,1.53408E-06,0,0,0,0,1.55226E-05,0,0,3.84833E-07,0,0,0,2.68199E-07,0,0,0,3.34591E-06,0,0,1.55226E-05
UNC,6.68261E-05,0.000111263,0,0,0,0,0.00126382,0,0,3.6278E-05,0,0,0,3.17743E-05,0,0,0,0.000360428,0,0,0.00126382,,UNC,1.89238E-07,3.0698E-07,0.00000001,0.00000001,0.00000001,0.00000001,3.10453E-06,0.00000001,0.00000001,7.76135E-08,0.00000001,0.00000001,0.00000001,5.4564E-08,0.00000001,0.00000001,0.00000001,6.69256E-07,0.00000001,0.00000001,3.10453E-06
"22R,AB-30,31,32-TRISHOMOHOPANE",0.000679204,0.001102755,0,0,0,0,0.010983009,0,0,0.000281507,0,0,0,0.000185676,0,0,0,0.002485531,0,0,0.010983009,,"22R,AB-30,31,32-TRISHOMOHOPANE",6.79204E-07,1.10275E-06,0,0,0,0,1.0983E-05,0,0,2.81507E-07,0,0,0,1.85676E-07,0,0,0,2.48553E-06,0,0,1.0983E-05
UNC,4.8449E-05,8.06321E-05,0,0,0,0,0.00090631,0,0,2.6739E-05,0,0,0,2.19976E-05,0,0,0,0.000267747,0,0,0.00090631,,UNC,1.36208E-07,2.20778E-07,0.00000001,0.00000001,0.00000001,0.00000001,2.19662E-06,0.00000001,0.00000001,5.71826E-08,0.00000001,0.00000001,0.00000001,3.84581E-08,0.00000001,0.00000001,0.00000001,4.97207E-07,0.00000001,0.00000001,2.19662E-06
CHOLESTEROL,0,0,0,0,0,0,0,0,0,0,0,0,0,0,0,0,0,0,0,0,0,,CHOLESTEROL,0,0,0,0,0,0,0,0,0,0,0,0,0,0,0,0,0,0,0,0,0
UNC,0,0,0,0,0,0,0,0,0,0,0,0,0,0,0,0,0,0,0,0,0,,UNC,0.00000001,0.00000001,0.00000001,0.00000001,0.00000001,0.00000001,0.00000001,0.00000001,0.00000001,0.00000001,0.00000001,0.00000001,0.00000001,0.00000001,0.00000001,0.00000001,0.00000001,0.00000001,0.00000001,0.00000001,0.00000001
STIGMASTEROL,0,0,0,0,0,0,0,0,0,0,0,0,0,0,0,0,0,0,0,0,0,,STIGMASTEROL,0,0,0,0,0,0,0,0,0,0,0,0,0,0,0,0,0,0,0,0,0
UNC,0,0,0,0,0,0,0,0,0,0,0,0,0,0,0,0,0,0,0,0,0,,UNC,0.00000001,0.00000001,0.00000001,0.00000001,0.00000001,0.00000001,0.00000001,0.00000001,0.00000001,0.00000001,0.00000001,0.00000001,0.00000001,0.00000001,0.00000001,0.00000001,0.00000001,0.00000001,0.00000001,0.00000001,0.00000001
DIMETHYLPHTHALATE,0.241774624,0.392544844,0,0,0.200922215,0.636895619,0,0.213562935,1.23166702,0.159219608,0,0.224685773,0.169127998,0.592435803,0,0,0,0.979449711,0,0,0,,DIMETHYLPHTHALATE,0.000241775,0.000392545,0,0,0.000200922,0.000636896,0,0.000213563,0.001231667,0.00015922,0,0.000224686,0.000169128,0.000592436,0,0,0,0.00097945,0,0,0
UNC,0.049383843,0.080427146,0,0,0.029413537,0.142724239,0,0.108541839,0.27417637,0.014172195,0,0.062240285,0.026966053,0.136563079,0,0,0,0.10602024,0,0,0,,UNC,4.83549E-05,7.8509E-05,0.00000001,0.00000001,4.01844E-05,0.000127379,0.00000001,4.27126E-05,0.000246333,3.18439E-05,0.00000001,4.49372E-05,3.38256E-05,0.000118487,0.00000001,0.00000001,0.00000001,0.00019589,0.00000001,0.00000001,0.00000001
DIBUTYL PHTHALATE,0.055245437,0.089696392,0,0,0.003756655,3.82476853,0,0,3.872658902,0.049205075,0,0,0.954748523,0,0.312452116,0,0,0.036281528,0,0,0,,DIBUTYL PHTHALATE,5.52454E-05,8.96964E-05,0,0,3.75666E-06,0.003824769,0,0,0.003872659,4.92051E-05,0,0,0.000954749,0,0.000312452,0,0,3.62815E-05,0,0,0
UNC,0.022332132,0.036287033,0,0,0.001439509,0.764800878,0,0,0.678923187,0.019338167,0,0,0.13863861,0,0.132816868,0,0,0.008860813,0,0,0,,UNC,1.10491E-05,1.79393E-05,0.00000001,0.00000001,7.51398E-07,0.000764954,0.00000001,0.00000001,0.000774532,9.84102E-06,0.00000001,0.00000001,0.00019095,0.00000001,6.24904E-05,0.00000001,0.00000001,7.25631E-06,0.00000001,0.00000001,0.00000001
BIS(2-ETHYLHEXYL)PHTHALATE,3.649721178,0,0,0,0,0,0,0,0,0,7.485090893,0,0,0,0,0,0,0,0,13.5238886,0,,BIS(2-ETHYLHEXYL)PHTHALATE,0.003649721,0,0,0,0,0,0,0,0,0,0.007485091,0,0,0,0,0,0,0,0,0.013523889,0
UNC,0.73420735,0,0,0,0,0,0,0,0,0,1.574301067,0,0,0,0,0,0,0,0,3.111474576,0,,UNC,0.000729944,0.00000001,0.00000001,0.00000001,0.00000001,0.00000001,0.00000001,0.00000001,0.00000001,0.00000001,0.001497018,0.00000001,0.00000001,0.00000001,0.00000001,0.00000001,0.00000001,0.00000001,0.00000001,0.002704778,0.00000001
FLUORANTHENE,1.431166305,2.082203769,0.670253881,0.838883118,0.397989231,0.228806223,0.119553991,0.089339156,0.669828084,1.30634986,0.381095202,0.144610639,0.693910204,0.896784728,1.471628968,3.551426295,5.876343432,1.581214231,0.350904408,0.439261907,0.119553991,,FLUORANTHENE,0.001431166,0.002082204,0.000670254,0.000838883,0.000397989,0.000228806,0.000119554,8.93392E-05,0.000669828,0.00130635,0.000381095,0.000144611,0.00069391,0.000896785,0.001471629,0.003551426,0.005876343,0.001581214,0.000350904,0.000439262,0.000119554
UNC,0.083000339,0.1292698,0.085322456,0.141867483,0.043307355,0.05051807,0.060190424,0.05277627,0.100031198,0.077592875,0.037696177,0.03300199,0.055691485,0.084166036,0.179425322,0.819560544,2.586711503,0.14741429,0.042623049,0.064919082,0.060190424,,UNC,0.000286233,0.000416441,0.000134051,0.000167777,7.95978E-05,4.57612E-05,2.39108E-05,1.78678E-05,0.000133966,0.00026127,7.6219E-05,2.89221E-05,0.000138782,0.000179357,0.000294326,0.000710285,0.001175269,0.000316243,7.01809E-05,8.78524E-05,2.39108E-05
ACEPHENANTHRYLENE,0.09084856,0.109456299,0.013792168,0.021254203,0.031024411,0.005030166,0.086769834,1.94129E-05,0.040164279,0.064451213,0.0480573,0.002766698,0.050623835,0.025744921,0.068329583,0.060392719,0,0.326081836,0.099626257,0,0.086769834,,ACEPHENANTHRYLENE,9.08486E-05,0.000109456,1.37922E-05,2.12542E-05,3.10244E-05,5.03017E-06,8.67698E-05,1.94129E-08,4.01643E-05,6.44512E-05,4.80573E-05,2.7667E-06,5.06238E-05,2.57449E-05,6.83296E-05,6.03927E-05,0,0.000326082,9.96263E-05,0,8.67698E-05
UNC,0.005621737,0.007168696,0.002695172,0.004670454,0.00331044,0.003301363,0.007153316,0.00447888,0.006636727,0.004088268,0.006053848,0.001636823,0.004484401,0.002651905,0.008537782,0.015509543,0.015684315,0.02625725,0.012020932,0,0.007153316,,UNC,1.81697E-05,2.18913E-05,2.75845E-06,4.25085E-06,6.20489E-06,1.00608E-06,1.7354E-05,1.07273E-08,8.03286E-06,1.28902E-05,9.61147E-06,5.5343E-07,1.01248E-05,5.14899E-06,1.36659E-05,1.20785E-05,0.00000001,6.52164E-05,1.99253E-05,0.00000001,1.7354E-05
PYRENE,3.249270416,4.284253763,1.516239567,1.40880903,0.787321093,0.424887274,0.269060563,0.162690422,1.45806764,2.599109089,1.616160271,0.219403069,1.544118171,1.716560833,3.539140877,7.479401404,10.65287173,2.797626911,0.831903636,1.77920361,0.269060563,,PYRENE,0.00324927,0.004284254,0.00151624,0.001408809,0.000787321,0.000424887,0.000269061,0.00016269,0.001458068,0.002599109,0.00161616,0.000219403,0.001544118,0.001716561,0.003539141,0.007479401,0.010652872,0.002797627,0.000831904,0.001779204,0.000269061
UNC,0.199480827,0.284609744,0.194841922,0.250258461,0.085647549,0.082788158,0.14797855,0.070424857,0.227166527,0.164042722,0.175008804,0.049218284,0.130444009,0.174679282,0.435885147,1.818907817,4.757922569,0.255229434,0.121237384,0.284214371,0.14797855,,UNC,0.000649854,0.000856851,0.000303248,0.000281762,0.000157464,8.49775E-05,5.38121E-05,3.25381E-05,0.000291614,0.000519822,0.000323232,4.38806E-05,0.000308824,0.000343312,0.000707828,0.00149588,0.002130574,0.000559525,0.000166381,0.000355841,5.38121E-05
BENZ(A)ANTHRACENE,0.053162842,0.084032378,0.010172425,0.015676054,0.02985161,0.007303922,0.020027109,0,0.009475735,0.057857319,0.002883438,0.011233204,0.035697659,0.045968001,0.069604082,0,0.147974841,0.050576092,0.029887877,0,0.020027109,,BENZ(A)ANTHRACENE,5.31628E-05,8.40324E-05,1.01724E-05,1.56761E-05,2.98516E-05,7.30392E-06,2.00271E-05,0,9.47573E-06,5.78573E-05,2.88344E-06,1.12332E-05,3.56977E-05,4.5968E-05,6.96041E-05,0,0.000147975,5.05761E-05,2.98879E-05,0,2.00271E-05
UNC,0.006978548,0.011359796,0.003640486,0.005827131,0.006428552,0.004669635,0.019752001,0.005767708,0.004748326,0.006719938,0.000766522,0.003559301,0.006605898,0.007786928,0.019184589,0.008697259,0.077302439,0.008417118,0.007871295,0,0.019752001,,UNC,1.06326E-05,1.68065E-05,2.03451E-06,3.13523E-06,5.97033E-06,1.46082E-06,4.00543E-06,0.00000001,1.89517E-06,1.15715E-05,5.76774E-07,2.24666E-06,7.13954E-06,9.19361E-06,1.39208E-05,0.00000001,2.9595E-05,1.01152E-05,5.97758E-06,0.00000001,4.00543E-06
CHRYSENE,0.158945603,0.235554382,0.064287351,0.099069006,0.06278077,0.07165284,0.03727967,0.051656204,0.188929232,0.139186925,0.02843302,0.021806603,0.078586229,0.1713364,0.176840214,0.395808705,0.418388032,0.103954992,0.049813128,0.035585064,0.03727967,,CHRYSENE,0.000158946,0.000235554,6.42874E-05,9.9069E-05,6.27808E-05,7.16528E-05,3.72797E-05,5.16562E-05,0.000188929,0.000139187,2.8433E-05,2.18066E-05,7.85862E-05,0.000171336,0.00017684,0.000395809,0.000418388,0.000103955,4.98131E-05,3.55851E-05,3.72797E-05
UNC,0.010869416,0.017248117,0.011413604,0.020211312,0.008171406,0.017159322,0.010363688,0.020745421,0.02901435,0.00972765,0.003548301,0.0068837,0.008112817,0.015715899,0.027531141,0.099932291,0.19536011,0.009239674,0.007297054,0.006312271,0.010363688,,UNC,3.17891E-05,4.71109E-05,1.28575E-05,1.98138E-05,1.25562E-05,1.43306E-05,7.45594E-06,1.03312E-05,3.77858E-05,2.78374E-05,5.68661E-06,4.36133E-06,1.57172E-05,3.42673E-05,3.5368E-05,7.91617E-05,8.36776E-05,2.0791E-05,9.96263E-06,7.11702E-06,7.45594E-06
TRIDECYLCYCLOHEXANE,0.34276324,0.147415407,0.227581719,0,0.043508233,0.014488707,0.194980023,0,0,0.092677834,0.654366768,0.036544122,0.124954551,0.017376521,0.244482525,0,1.009918356,0.227219227,0.129275619,0.806077178,0.194980023,,TRIDECYLCYCLOHEXANE,0.000342763,0.000147415,0.000227582,0,4.35082E-05,1.44887E-05,0.00019498,0,0,9.26778E-05,0.000654367,3.65441E-05,0.000124955,1.73765E-05,0.000244483,0,0.001009918,0.000227219,0.000129276,0.000806077,0.00019498
UNC,0.037521325,0.015364557,0.051466614,0.013817087,0.008472126,0.015043829,0.019378793,0.020766942,0.013646629,0.009158539,0.088488462,0.011233894,0.01932109,0.006535442,0.039740465,0.031314952,0.457945492,0.03128891,0.028555937,0.153950167,0.019378793,,UNC,6.85526E-05,2.94831E-05,4.55163E-05,0.00000001,8.70165E-06,2.89776E-06,3.8996E-05,0.00000001,0.00000001,1.85356E-05,0.000130873,7.30883E-06,2.49909E-05,3.47532E-06,4.88965E-05,0.00000001,0.000201984,4.54438E-05,2.58551E-05,0.000161215,3.8996E-05
PENTADECYLCYCLOHEXANE,0.24597865,0.14380479,0.260005743,0.013101102,0.059548562,0.008369441,0.193126372,0,0,0.097932331,0.474900807,0.068388558,0.114955288,0.058074077,0.186073784,0,1.222738111,0.178345225,0.143157887,0.521082184,0.193126372,,PENTADECYLCYCLOHEXANE,0.000245979,0.000143805,0.000260006,1.31011E-05,5.95486E-05,8.36944E-06,0.000193126,0,0,9.79323E-05,0.000474901,6.83886E-05,0.000114955,5.80741E-05,0.000186074,0,0.001222738,0.000178345,0.000143158,0.000521082,0.000193126
UNC,0.029026175,0.016738967,0.057310745,0.024772734,0.014035947,0.026300823,0.022881137,0.036947923,0.024279675,0.011034576,0.069251842,0.018793981,0.020776862,0.012221418,0.03084631,0.055714626,0.564064346,0.017903792,0.030909424,0.11057659,0.022881137,,UNC,4.91957E-05,2.8761E-05,5.20011E-05,2.62024E-06,1.19097E-05,1.67392E-06,3.86253E-05,0.00000001,0.00000001,1.95865E-05,9.49802E-05,1.36777E-05,2.29911E-05,1.16148E-05,3.72148E-05,0.00000001,0.000244548,3.5669E-05,2.86316E-05,0.000104216,3.86253E-05
HEXADECYLCYCLOHEXANE,0.115907515,0.089878575,0.098206364,0.006992797,0.044942449,0.002967401,0.203232524,0,0,0.061236785,0.180819433,0.044910449,0.050011237,0.034619243,0.072653343,0,1.013826163,0.132731098,0.10935123,0.192539594,0.203232524,,HEXADECYLCYCLOHEXANE,0.000115908,8.98786E-05,9.82064E-05,6.9928E-06,4.49424E-05,2.9674E-06,0.000203233,0,0,6.12368E-05,0.000180819,4.49104E-05,5.00112E-05,3.46192E-05,7.26533E-05,0,0.001013826,0.000132731,0.000109351,0.00019254,0.000203233
UNC,0.01557173,0.013030791,0.030243199,0.021068187,0.011718977,0.022409494,0.022625844,0.031547726,0.02073103,0.008686857,0.032857282,0.014181936,0.012627085,0.009910119,0.020163065,0.047571544,0.468516645,0.011980007,0.020610775,0.051492036,0.022625844,,UNC,2.31815E-05,1.79757E-05,1.96413E-05,1.3986E-06,8.9885E-06,5.93564E-07,4.06465E-05,0.00000001,0.00000001,1.22474E-05,3.61639E-05,8.9821E-06,1.00023E-05,6.92386E-06,1.45307E-05,0.00000001,0.000202765,2.65462E-05,2.18702E-05,3.85079E-05,4.06465E-05
HEPTADECYLCYCLOHEXANE,0.051729796,0.064885658,0.026102887,0,0.029977006,0.000196295,0.207642215,0,0,0.040342551,0.039913795,0.020889666,0.026506649,0.016252344,0.046255937,0,0.829589224,0.094279092,0.089791838,0,0.207642215,,HEPTADECYLCYCLOHEXANE,5.17298E-05,6.48857E-05,2.61029E-05,0,2.9977E-05,1.96295E-07,0.000207642,0,0,4.03426E-05,3.99138E-05,2.08897E-05,2.65066E-05,1.62523E-05,4.62559E-05,0,0.000829589,9.42791E-05,8.97918E-05,0,0.000207642
UNC,0.009246579,0.009726513,0.01813148,0.015655115,0.008609639,0.016698876,0.02240033,0.023523082,0.015457778,0.006389883,0.017026953,0.009220355,0.008514179,0.007189515,0.01452302,0.035470999,0.381415893,0.008190614,0.015551077,0.025077231,0.02240033,,UNC,1.0346E-05,1.29771E-05,5.22059E-06,0.00000001,5.99541E-06,4.05125E-08,4.15284E-05,0.00000001,0.00000001,8.06852E-06,7.98277E-06,4.17795E-06,5.30134E-06,3.25048E-06,9.25119E-06,0.00000001,0.000165918,1.88558E-05,1.79584E-05,0.00000001,4.15284E-05
OCTADECYLCYCLOHEXANE,0.035448863,0.041299009,0.025936004,0,0.023838082,0,0.16140088,0,0,0.026669715,0.036216608,0.011515958,0.022463887,0.005629869,0.017886826,0,0.658362638,0.078819667,0.083021881,0,0.16140088,,OCTADECYLCYCLOHEXANE,3.54489E-05,4.1299E-05,2.5936E-05,0,2.38381E-05,0,0.000161401,0,0,2.66697E-05,3.62166E-05,1.1516E-05,2.24639E-05,5.62987E-06,1.78868E-05,0,0.000658363,7.88197E-05,8.30219E-05,0,0.000161401
UNC,0.002783548,0.003608762,0.004340668,0,0.002364099,0,0.016046665,0,0,0.00207585,0.004356601,0.002343755,0.002311315,0.000666768,0.002749376,0,0.294054039,0.006258978,0.012161757,0,0.016046665,,UNC,7.08978E-06,8.25981E-06,5.18721E-06,0.00000001,4.76763E-06,0.00000001,3.22802E-05,0.00000001,0.00000001,5.33395E-06,7.24333E-06,2.30321E-06,4.49279E-06,1.12602E-06,3.57738E-06,0.00000001,0.000131673,1.57639E-05,1.66044E-05,0.00000001,3.22802E-05
NONADECYLCYCLOHEXANE,0.004276733,0.006943697,0,0,0.002830276,0,0.075313673,0,0,0.002690134,0,0,0,0,0.01828478,0,0,0,0,0,0.075313673,,NONADECYLCYCLOHEXANE,4.27673E-06,6.9437E-06,0,0,2.83028E-06,0,7.53137E-05,0,0,2.69013E-06,0,0,0,0,1.82848E-05,0,0,0,0,0,7.53137E-05
UNC,0.000389791,0.000642621,0,0,0.000444654,0,0.007676485,0,0,0.000289209,0,0,0,0,0.002306696,0,0,0,0,0,0.007676485,,UNC,8.55405E-07,1.38878E-06,0.00000001,0.00000001,5.66144E-07,0.00000001,1.50627E-05,0.00000001,0.00000001,5.3812E-07,0.00000001,0.00000001,0.00000001,0.00000001,3.65697E-06,0.00000001,0.00000001,0.00000001,0.00000001,0.00000001,1.50627E-05
BENZO(B)FLUORANTHENE,0.019160674,0.031109236,0.006073796,0.009359927,0.021648563,0.009277804,0.009094916,0.007080616,0,0.027622462,0,0.007251157,0.00131793,0.026579964,0.09595927,0,0,0.035864153,0.068631421,0,0.009094916,,BENZO(B)FLUORANTHENE,1.91607E-05,3.11092E-05,6.0738E-06,9.35993E-06,2.16486E-05,9.2778E-06,9.09492E-06,7.08062E-06,0,2.76225E-05,0,7.25116E-06,1.31793E-06,2.658E-05,9.59593E-05,0,0,3.58642E-05,6.86314E-05,0,9.09492E-06
UNC,0.003791693,0.00617644,0.001788864,0.002912779,0.003266584,0.002913889,0.008236342,0.002639191,0,0.003666882,0,0.001845743,0.000289001,0.003631053,0.02281987,0,0,0.008109692,0.019435206,0,0.008236342,,UNC,3.83215E-06,6.22186E-06,1.2148E-06,1.87201E-06,4.32972E-06,1.85559E-06,1.81901E-06,1.41616E-06,0.00000001,5.5245E-06,0.00000001,1.45027E-06,2.63776E-07,5.316E-06,1.91919E-05,0.00000001,0.00000001,7.17284E-06,1.37263E-05,0.00000001,1.81901E-06
BENZO(K)FLUORANTHENE,0.029243063,0.047478985,0.007288555,0.011231912,0.024133054,0.012157123,0.016565982,0,0,0.038372239,0,0.007681961,0.000515999,0.051708848,0.126658005,0,0,0.029882657,0,0,0.016565982,,BENZO(K)FLUORANTHENE,2.92431E-05,4.7479E-05,7.28855E-06,1.12319E-05,2.41331E-05,1.21571E-05,1.6566E-05,0,0,3.83722E-05,0,7.68196E-06,5.15999E-07,5.17088E-05,0.000126658,0,0,2.98827E-05,0,0,1.6566E-05
UNC,0.004447021,0.007260354,0.001809602,0.003008463,0.003621425,0.003296814,0.002707609,0,0,0.004327931,0,0.001897302,0.000134045,0.00696318,0.024900574,0,0,0.005527706,0,0,0.002707609,,UNC,5.84862E-06,9.4958E-06,1.45775E-06,2.2464E-06,4.82662E-06,2.43145E-06,3.31321E-06,0.00000001,0.00000001,7.67445E-06,0.00000001,1.53642E-06,1.03683E-07,1.03418E-05,2.53316E-05,0.00000001,0.00000001,5.97654E-06,0.00000001,0.00000001,3.31321E-06
BENZO(J)FLUORANTHENE,0.000783462,0.001272027,0.001700663,0.002620779,0.000515397,0,0,0,0,0.001309084,0,0.002046601,0,0.001960558,0,0,0,0.007594306,0,0,0,,BENZO(J)FLUORANTHENE,7.83462E-07,1.27203E-06,1.70066E-06,2.62078E-06,5.15397E-07,0,0,0,0,1.30908E-06,0,2.0466E-06,0,1.96056E-06,0,0,0,7.59431E-06,0,0,0
UNC,0.000179743,0.000292545,0.00042224,0.000701975,0.000123569,0,0,0,0,0.000196787,0,0.000514485,0,0.000355093,0,0,0,0.001734054,0,0,0,,UNC,1.57011E-07,2.54602E-07,3.4028E-07,5.24251E-07,1.03563E-07,0.00000001,0.00000001,0.00000001,0.00000001,2.62008E-07,0.00000001,4.09442E-07,0.00000001,3.92239E-07,0.00000001,0.00000001,0.00000001,1.51889E-06,0.00000001,0.00000001,0.00000001
BENZO(E)PYRENE,0.041312834,0.067075442,0.008098394,0.012479902,0.022382297,0,0.021275486,0,0,0.045798532,0,0.006983367,0.013323822,0.022851142,0.146441499,0,0,0.062396224,0.046492253,0,0.021275486,,BENZO(E)PYRENE,4.13128E-05,6.70754E-05,8.09839E-06,1.24799E-05,2.23823E-05,0,2.12755E-05,0,0,4.57985E-05,0,6.98337E-06,1.33238E-05,2.28511E-05,0.000146441,0,0,6.23962E-05,4.64923E-05,0,2.12755E-05
UNC,0.005062821,0.008290319,0.002010669,0.003342737,0.003116384,0,0.004649705,0,0,0.004750623,0,0.001607284,0.002576152,0.00315214,0.026467346,0,0,0.011441912,0.010912539,0,0.004649705,,UNC,8.26257E-06,1.34151E-05,1.61971E-06,2.496E-06,4.47647E-06,0.00000001,4.25511E-06,0.00000001,0.00000001,9.15971E-06,0.00000001,1.39671E-06,2.66478E-06,4.57024E-06,2.92883E-05,0.00000001,0.00000001,1.24792E-05,9.29846E-06,0.00000001,4.25511E-06
BENZO(A)PYRENE,0.006863297,0.011143237,0,0,0.001510647,0,0.011051328,0,0,0.006206972,0,0.006029651,0,0.001803635,0.030412006,0,0,0.01291032,0,0,0.011051328,,BENZO(A)PYRENE,6.8633E-06,1.11432E-05,0,0,1.51065E-06,0,1.10513E-05,0,0,6.20697E-06,0,6.02965E-06,0,1.80364E-06,3.0412E-05,0,0,1.29103E-05,0,0,1.10513E-05
UNC,0.002247512,0.003653445,0,0,0.000640466,0,0.004069595,0,0,0.001959125,0,0.001977965,0,0.000758462,0.012885744,0,0,0.00539157,0,0,0.004069595,,UNC,1.3727E-06,2.22867E-06,0.00000001,0.00000001,3.02295E-07,0.00000001,2.21029E-06,0.00000001,0.00000001,1.24143E-06,0.00000001,1.20597E-06,0.00000001,3.60866E-07,6.08241E-06,0.00000001,0.00000001,2.58208E-06,0.00000001,0.00000001,2.21029E-06
PERYLENE,0,0,0,0,3.55446E-05,0,0,0,0,1.36756E-05,0,0.000432592,0,4.24385E-05,0,0,0,0,0,0,0,,PERYLENE,0,0,0,0,3.55446E-08,0,0,0,0,1.36756E-08,0,4.32592E-07,0,4.24385E-08,0,0,0,0,0,0,0
UNC,0,0,0,0,8.522E-06,0,0,0,0,3.14547E-06,0,0.000123796,0,9.91365E-06,0,0,0,0,0,0,0,,UNC,0.00000001,0.00000001,0.00000001,0.00000001,1.22693E-08,0.00000001,0.00000001,0.00000001,0.00000001,1.03673E-08,0.00000001,8.70945E-08,0.00000001,1.31164E-08,0.00000001,0.00000001,0.00000001,0.00000001,0.00000001,0.00000001,0.00000001
INDENO(CD)PYRENE,0.000169183,0.000274686,0,0,0,0,0,0,0,0.000146259,0,0.002780951,0,0.000453875,0,0,0,0,0,0,0,,INDENO(CD)PYRENE,1.69183E-07,2.74686E-07,0,0,0,0,0,0,0,1.46259E-07,0,2.78095E-06,0,4.53875E-07,0,0,0,0,0,0,0
UNC,1.88423E-05,3.0909E-05,0,0,0,0,9.14686E-05,0,0,1.62668E-05,0,0.000565574,0,5.37719E-05,0,0,0,0,0,0,9.14686E-05,,UNC,3.52834E-08,5.58399E-08,0.00000001,0.00000001,0.00000001,0.00000001,0.00000001,0.00000001,0.00000001,3.09139E-08,0.00000001,5.5628E-07,0.00000001,9.13242E-08,0.00000001,0.00000001,0.00000001,0.00000001,0.00000001,0.00000001,0.00000001
DIBENZ(AH)ANTHRACENE,0,0,0,0,0,0,0,0,0,0,0,0.000108148,0,0,0,0,0,0,0,0,0,,DIBENZ(AH)ANTHRACENE,0,0,0,0,0,0,0,0,0,0,0,1.08148E-07,0,0,0,0,0,0,0,0,0
UNC,0,0,0,0,0,0,0,0,0,0,0,3.37683E-05,0,0,0,0,0,0,0,0,0,,UNC,0.00000001,0.00000001,0.00000001,0.00000001,0.00000001,0.00000001,0.00000001,0.00000001,0.00000001,0.00000001,0.00000001,2.38294E-08,0.00000001,0.00000001,0.00000001,0.00000001,0.00000001,0.00000001,0.00000001,0.00000001,0.00000001
BENZO(GHI)PERYLENE,0.00897865,0.014577719,0,0,0.000561034,0,0.007179721,0,0,0.007778087,0,0.007811004,0,0.002134625,0.048192019,0,0,0,0,0,0.007179721,,BENZO(GHI)PERYLENE,8.97865E-06,1.45777E-05,0,0,5.61034E-07,0,7.17972E-06,0,0,7.77809E-06,0,7.811E-06,0,2.13463E-06,4.8192E-05,0,0,0,0,0,7.17972E-06
UNC,0.002449078,0.003983209,0.003679555,0.00567032,0.002929722,0.006048807,0.002396748,0.008522434,0.005600367,0.002488418,0,0.003429498,0.002417666,0.002551088,0.011164103,0.012851174,0.029860523,0,0,0,0.002396748,,UNC,1.79576E-06,2.91556E-06,0.00000001,0.00000001,1.12652E-07,0.00000001,1.43598E-06,0.00000001,0.00000001,1.55565E-06,0.00000001,1.56223E-06,0.00000001,4.27042E-07,9.63841E-06,0.00000001,0.00000001,0.00000001,0.00000001,0.00000001,1.43598E-06
CORONENE,0,0,0,0,0,0,0,0,0,0,0,0.002317459,0,0,0,0,0,0,0,0,0,,CORONENE,0,0,0,0,0,0,0,0,0,0,0,2.31746E-06,0,0,0,0,0,0,0,0,0
UNC,3.57371E-05,5.80227E-05,0,0,0,0,0.001110093,0,0,0,0,0.000855695,0,0,0,0,0,0,0,0,0.001110093,,UNC,0.00000001,0.00000001,0.00000001,0.00000001,0.00000001,0.00000001,0.00000001,0.00000001,0.00000001,0.00000001,0.00000001,4.636E-07,0.00000001,0.00000001,0.00000001,0.00000001,0.00000001,0.00000001,0.00000001,0.00000001,0.00000001
glycerine,0,0,0,0,0,0,0,0,0,0,0,0,0,0,0,0,0,0,0,0,0,,glycerine,0,0,0,0,0,0,0,0,0,0,0,0,0,0,0,0,0,0,0,0,0
unc,0,0,0,0,0,0,0,0,0,0,0,0,0,0,0,0,0,0,0,0,0,,unc,0.00000001,0.00000001,0.00000001,0.00000001,0.00000001,0.00000001,0.00000001,0.00000001,0.00000001,0.00000001,0.00000001,0.00000001,0.00000001,0.00000001,0.00000001,0.00000001,0.00000001,0.00000001,0.00000001,0.00000001,0.00000001
mono-palmitin,0,0,0,0,0,0,0,0,0,0,0,0,0,0,0,0,0,0,0,0,0,,mono-palmitin,0,0,0,0,0,0,0,0,0,0,0,0,0,0,0,0,0,0,0,0,0
unc,0,0,0,0,0,0,0,0,0,0,0,0,0,0,0,0,0,0,0,0,0,,unc,0.00000001,0.00000001,0.00000001,0.00000001,0.00000001,0.00000001,0.00000001,0.00000001,0.00000001,0.00000001,0.00000001,0.00000001,0.00000001,0.00000001,0.00000001,0.00000001,0.00000001,0.00000001,0.00000001,0.00000001,0.00000001
mono-olein,0,0,0,0,0,0,0,0,0,0,0,0,0,0,0,0,0,0,0,0,0,,mono-olein,0,0,0,0,0,0,0,0,0,0,0,0,0,0,0,0,0,0,0,0,0
unc,0,0,0,0,0,0,0,0,0,0,0,0,0,0,0,0,0,0,0,0,0,,unc,0.00000001,0.00000001,0.00000001,0.00000001,0.00000001,0.00000001,0.00000001,0.00000001,0.00000001,0.00000001,0.00000001,0.00000001,0.00000001,0.00000001,0.00000001,0.00000001,0.00000001,0.00000001,0.00000001,0.00000001,0.00000001
mono-stearin,0,0,0,0,0,0,0,0,0,0,0,0,0,0,0,0,0,0,0,0,0,,mono-stearin,0,0,0,0,0,0,0,0,0,0,0,0,0,0,0,0,0,0,0,0,0
unc,0,0,0,0,0,0,0,0,0,0,0,0,0,0,0,0,0,0,0,0,0,,unc,0.00000001,0.00000001,0.00000001,0.00000001,0.00000001,0.00000001,0.00000001,0.00000001,0.00000001,0.00000001,0.00000001,0.00000001,0.00000001,0.00000001,0.00000001,0.00000001,0.00000001,0.00000001,0.00000001,0.00000001,0.00000001
stigmasterol,0,0,0,0,0,0,0,0,0,0,0,0,0,0,0,0,0,0,0,0,0,,stigmasterol,0,0,0,0,0,0,0,0,0,0,0,0,0,0,0,0,0,0,0,0,0
unc,0,0,0,0,0,0,0,0,0,0,0,0,0,0,0,0,0,0,0,0,0,,unc,0.00000001,0.00000001,0.00000001,0.00000001,0.00000001,0.00000001,0.00000001,0.00000001,0.00000001,0.00000001,0.00000001,0.00000001,0.00000001,0.00000001,0.00000001,0.00000001,0.00000001,0.00000001,0.00000001,0.00000001,0.00000001
