SummerSecondary,WinterSecondary,Mobile,SteelMill,Soil,ZincSmelter,Fireworks,CopperSmelter,LeadSmelter
3.4112,1.3101,2.6115,0.61607,0.76882,0.073376,0.076165,0.024758,0.060983
8.0881,0.62338,3.2153,0.50417,0.92546,0.94357,0.099941,1.0397,0.12307
9.9712,0.34864,2.2988,0.24556,1.009,1.422,0.046523,3.6754,0.36111
10.492,0.38831,2.5392,0.25394,0.96262,1.2655,0.04004,0.92577,0.12866
6.3752,0.083356,0.60144,1.1788,0.48687,0.33319,0.25208,0.26447,0.51456
10.78,4.9799,0.3556,0.94856,1.1173,0.59971,0.049136,0.052461,0.17598
14.961,3.7975,0.94078,0.36399,0.44212,0.021883,0.029918,0.013135,0.042323
2.0954,0.62392,0.56649,0.26111,0.32615,0.14367,0.036897,0.07538,0.051226
2.3338,0.38718,1.0621,0.25621,0.40247,0.18811,0.029149,0.15468,0.14583
1.4829,0.3003,0.0035362,0.00041968,2.2539,0.9239,0.00041203,0.061402,0.053403
1.3369,0.58979,0.89965,0.29999,0.25792,0.024444,0.0091698,0.0086569,0.0072265
2.9858,1.8053,0.34246,0.12051,0.18314,0.71311,0.00064215,0.061444,0.19177
4.2455,0.39374,0.55267,0.11417,0.13351,0.32135,0.023458,0.010327,0.019132
2.8106,0.80632,1.9888,0.40246,0.092193,0.22779,0.03268,0.025578,0.037749
6.3525,1.5226,0.94727,0.43926,0.10727,0.1111,0.065654,0.017953,0.11376
9.2088,3.3065,2.0279,0.50033,0.28218,0.1047,0.039506,0.037541,0.12309
11.518,4.0675,0.85008,0.61201,0.26998,0.14337,0.039348,0.10327,0.11479
11.765,3.5452,0.44106,0.2492,0.12786,0.014732,0.015317,0.022421,0.018161
3.0941,0.86352,1.0114,0.17106,0.28916,0.42604,0.020449,0.20849,0.037524
1.6265,0.16353,1.9945,0.25649,0.24449,0.079452,0.031671,0.0030021,0.018541
1.9333,1.6788,1.778,0.38222,0.17409,0.29076,0.049177,0.036375,0.40568
8.6993,2.7274,1.8496,1.3905,0.24514,0.63262,0.11329,0.071158,0.37246
16.179,1.1499,4.3132,1.3329,0.28487,0.34219,0.060814,0.11929,0.30789
18.378,0.87354,1.1803,0.10854,0.28924,2.4279,0.25799,0.029621,0.43406
17.779,0.37088,3.0905,0.58,0.52848,0.35692,0.44351,0.00015902,0.18891
13.939,1.5704,2.6386,0.52123,0.98349,0.045358,0.71254,1.4498e-05,0.0010732
6.4782,0.75168,1.6166,1.5018,1.2883,0.53738,0.43806,0.4061,0.63121
1.8015,0.46445,1.8705,0.53496,0.31541,0.14121,0.052286,0.012548,0.10003
3.0759,0.55199,2.9586,0.1874,0.70448,1.981,0.28535,1.449,0.10692
4.0536,0.40705,3.1333,0.80447,0.39295,0.55437,0.10114,0.018394,0.14311
5.2185,0.23563,2.3401,0.25684,0.59443,1.3665,0.28435,0.0031493,0.27363
11.556,0.59733,4.5455,0.56255,0.71385,0.30788,0.21929,0.010285,0.14374
8.5723,2.3819,1.3032,1.0016,0.35634,0.38344,0.098845,0.077523,0.23674
12.662,2.9128,1.3362,0.31261,0.19249,0.1364,0.06264,0.023331,0.0479
5.9237,1.8761,1.303,0.80835,0.24961,0.36519,0.073424,0.019573,0.069403
7.6404,0.95041,1.7959,0.9569,0.13037,0.58598,0.071174,0.027588,0.080832
12.901,1.4474,1.694,0.28832,0.079494,0.039387,0.10412,0.012579,0.078828
20.644,1.0678,3.1339,0.56964,0.28916,0.0514,0.094336,0.013854,0.026188
20.648,0.63746,2.2469,0.75682,0.21157,0.11442,0.061266,0.012924,0.043603
20.736,0.56703,3.5756,0.58075,0.34388,0.042112,0.13497,0.017425,0.044098
11.309,0.99951,2.0882,0.25734,0.27775,0.026677,0.13335,0.0058938,0.00078462
10.217,1.0901,2.6237,0.46847,0.40681,0.029866,0.098915,0.00037909,0.05258
10.425,1.6426,2.5003,0.80784,1.9997,0.45086,0.25263,0.0064258,0.15434
5.034,0.75531,0.77978,0.65007,1.134,0.37629,0.41196,0.0071501,0.26728
1.6735,0.3869,1.6822,0.49451,0.21756,0.05737,0.18172,0.0070917,0.030379
7.613,0.46756,1.6312,0.73573,1.2166,0.37128,0.40572,0.012985,0.29332
1.5025,0.018214,1.4813,0.0034353,0.00075894,0.065469,31.952,0.68301,0.24544
4.2782,1.5054,1.4228,1.1594,0.32244,0.31897,3.9182,0.13319,0.40138
6.1235,0.35881,1.6148,0.29765,0.16439,0.058699,0.20339,0.024276,0.046269
8.576,0.39205,1.7112,0.19966,0.56304,0.91391,0.45948,0.070883,0.12012
7.0762,0.35736,1.4298,0.70333,1.4011,0.35653,0.20611,0.10394,0.066923
7.6455,0.44777,2.6688,1.3073,2.3111,0.10708,0.20863,0.017146,0.051413
5.1492,0.40099,5.0692,0.53776,0.14111,0.093539,0.16483,0.013533,0.16784
6.9889,0.90903,2.3207,0.84725,0.21668,0.53312,0.042065,0.090394,0.83633
9.8229,0.25531,3.1218,0.78114,0.24271,0.031796,0.070616,0.013167,0.025574
19.11,0.18892,2.7304,0.50326,0.79047,0.082099,0.072343,0.1719,0.037061
3.9253,1.5273,1.106,0.61785,0.34709,0.14867,0.031575,0.33971,0.077961
16.71,2.5275,2.3074,0.47772,0.41513,0.05065,0.06626,0.022339,0.062136
13.591,0.6157,1.193,0.2194,0.59943,1.7549,0.10578,2.5887,0.11289
7.3213,0.12397,2.3711,0.76064,0.27147,0.38354,0.048293,0.3129,0.19163
22.2,1.0079,0.011929,0.032314,0.092521,0.011318,0.056674,0.010512,0.56774
7.8527,0.337,1.7562,0.4093,0.22508,0.11448,0.06697,0.0052934,0.053859
14.381,0.30678,0.90505,0.54488,0.80509,0.57694,0.29344,0.56823,0.37837
13.208,0.73824,1.6057,0.16069,0.38841,1.5914,0.031125,0.15697,0.29552
12.692,1.3306,1.1645,0.23088,0.63554,1.7739,0.33675,1.7732,0.13994
27.557,0.0087417,1.7351,1.1897,0.17257,0.044495,0.037158,0.02247,0.035966
18.219,0.47775,0.63201,0.94134,0.69968,0.38331,0.35425,0.332,0.84121
8.4988,1.4323,1.1107,0.64665,0.21267,0.13637,0.054878,0.12618,0.11723
8.9274,0.30272,1.8496,0.51005,0.61044,1.0419,0.3332,0.84121,0.26397
4.2092,0.4542,2.0229,2.0041,0.20149,0.86977,0.051115,0.21207,0.50675
4.4903,0.32032,1.3308,1.2891,0.45303,0.45445,0.26724,0.31474,0.48059
4.4532,0.35748,1.2933,0.22721,0.24107,0.2511,0.052693,0.016555,0.26907
7.549,0.6012,3.8288,0.37914,0.69831,1.8953,0.31162,1.6022,0.1724
6.6817,0.34323,1.6397,0.45102,0.99614,1.6717,0.055065,1.2097,0.55811
3.83,0.7285,1.1817,2.0215,0.48937,0.37743,0.25165,0.27456,0.70345
7.9577,2.1178,0.79988,0.61521,0.27244,0.052977,0.045551,0.039006,0.022292
7.9455,1.0381,0.25939,0.086942,0.80138,1.6448,0.28108,2.2094,0.058347
6.9447,0.83029,1.5318,0.39092,0.068854,0.028831,0.039406,0.037351,0.0075993
8.4887,1.0356,5.5639,2.549,0.45805,1.0266,0.27491,0.76043,0.73151
10.476,1.2336,0.0019977,0.34546,0.0048591,1.549,0.0030209,0.89564,4.462
12.311,0.99509,2.4049,1.1235,0.7129,0.80524,0.37724,0.63747,0.5489
10.718,0.40912,2.7223,0.36089,0.53295,0.64044,0.1472,0.40363,0.26165
4.8461,0.68032,1.3279,1.6417,0.53169,0.4492,0.34205,0.30445,0.6413
5.1557,0.47368,0.95657,0.66792,0.21383,0.38192,0.062616,0.022178,0.16616
11.009,0.58398,1.2822,0.33627,0.67745,1.2898,0.25355,1.2758,0.18031
20.078,1.2609,2.8092,0.75524,0.21973,0.12042,0.04893,0.66708,0.6113
19.665,1.3058,1.2535,1.2837,0.67059,0.83032,0.2165,0.89218,0.64632
13.837,0.26382,2.9045,0.85325,0.44126,0.081939,0.06657,0.20366,0.18567
21.88,0.70084,0.34619,0.6405,0.61354,0.29745,0.29407,0.28108,0.65933
6.7529,0.15171,3.1357,0.24859,0.3697,0.022215,0.063005,0.018381,0.0072939
3.3636,0.19061,0.48771,0.87892,0.50046,0.25362,0.21084,0.1883,0.38386
1.9798,0.59678,1.4378,0.24822,0.13712,0.24389,0.033245,0.091625,0.049766
3.8118,0.9742,1.9234,2.3177,0.412,0.51974,0.22021,0.369,0.76897
5.2559,1.5823,3.1438,1.6979,0.26959,0.27034,0.052967,0.99378,0.25175
14.347,1.2832,3.108,4.6482,0.4013,0.50096,0.13048,0.47702,1.8016
13.481,1.6139,2.1079,1.2908,0.35013,0.27727,0.05551,0.094735,0.13558
2.9508,0.1712,0.11125,1.5061,0.28625,0.07499,0.1723,0.059565,0.78227
4.5461,0.54403,2.4084,0.57427,0.4169,0.11838,0.081463,0.024412,0.046333
12.491,0.88932,2.8794,0.89729,0.63761,0.95958,0.37764,0.86216,0.4595
15.516,2.5499,3.9502,0.80734,0.26772,0.22968,0.13459,0.6219,0.417
17.844,2.0333,2.2244,1.0255,0.58253,0.80851,0.15565,1.0913,0.44895
12.212,1.3206,0.84575,0.44894,0.19857,0.48457,0.017041,0.30712,0.067716
9.374,1.4172,2.7578,0.3119,0.05829,0.8344,0.00099135,0.83393,0.9951
3.9654,0.50316,1.4843,0.38497,0.11125,0.085223,0.046226,0.40203,0.068016
3.975,0.76501,5.0509,1.0055,0.27186,0.16518,0.067251,0.051828,0.14605
4.3252,0.4534,2.2102,0.23147,0.21754,0.26996,0.075054,0.041594,0.085338
1.2298,0.13315,1.6874,0.46194,0.16662,0.17429,0.054555,0.0071725,0.14892
1.2316,0.50908,2.8176,0.64424,0.22114,0.62316,0.074587,0.038675,0.20162
1.1763,0.50818,3.6134,0.7723,0.12047,0.37695,0.024001,0.41829,0.47252
1.7893,0.73321,5.2333,1.063,0.16468,0.53429,0.028019,0.38745,1.2712
4.2357,1.3543,2.5456,1.1439,0.15467,0.18104,0.031299,0.089159,0.055782
3.976,1.4653,3.4209,0.76025,0.14842,0.11488,0.047739,0.028446,0.11593
5.8968,2.1548,4.393,1.1206,0.22264,0.32024,0.082146,0.071293,0.38488
7.759,1.4058,3.7494,1.1281,0.61434,0.93574,0.061273,0.45967,0.34086
6.6539,0.30165,4.0515,0.84207,0.41356,1.4534,0.010749,0.28702,2.6185
6.8016,0.26942,3.8709,1.0325,0.57905,0.9663,0.079134,0.2425,0.35531
11.208,0.55149,2.487,0.51493,0.44921,1.3415,0.12089,0.35181,0.43083
2.8293,0.00043729,0.027147,0.012527,0.046811,0.33383,0.10392,4.6149,1.9517
3.6071,1.1287,1.6125,0.4953,0.17375,0.062368,0.067353,0.19537,0.031307
6.8432,0.8591,1.441,0.28256,0.23878,0.070809,0.11476,0.0014467,0.010338
4.4745,1.8216,0.64593,0.22225,0.04912,0.044889,0.00040134,0.073137,0.032789
3.1373,1.8472,0.3254,0.16852,0.039167,0.017286,0.0078062,0.010057,0.00068479
2.175,0.46246,1.0119,0.28172,0.15718,0.08864,0.030948,0.26586,0.019469
1.2915,0.32595,1.3223,0.7403,0.17636,0.19866,0.030879,0.87297,0.12167
1.2948,0.54266,1.4064,0.49312,0.1242,0.1298,0.015219,0.038958,0.025038
2.1025,0.47104,2.1479,0.24622,0.34806,0.19617,0.051957,0.31438,0.025355
2.7621,1.7438,3.2491,1.0612,0.36357,0.4752,0.12111,0.54129,0.27219
7.1116,1.8856,3.0071,0.92163,0.37198,0.25837,0.18866,1.0513,0.48458
10.058,1.5127,0.97431,0.25459,0.35139,0.44816,0.14935,0.21342,0.20748
10.814,1.6607,2.4223,0.39289,0.37544,0.10302,0.16098,0.82392,0.043224
5.8133,0.36414,0.95005,0.31476,0.16509,0.37459,0.093529,0.64485,0.19648
3.0738,0.49869,1.206,0.21464,0.24488,0.033332,0.049867,0.056087,0.0093896
1.5129,0.099792,1.0668,0.21494,0.22835,0.023073,0.034529,0.018552,0.0090464
1.9879,0.23846,1.2958,0.22354,0.2207,0.026276,0.022539,0.0042753,0.010853
2.2705,2.0711,2.2134,0.49669,0.16789,0.083054,0.067822,0.012893,0.059111
2.3513,2.8125,2.9971,0.51651,0.16389,0.16688,0.21608,0.0074664,0.20049
3.6132,0.85429,2.8247,0.24842,0.53145,0.060137,0.12577,0.022105,0.050683
4.9183,1.5723,3.5705,0.71006,0.64892,0.22815,0.25328,0.022714,0.086588
6.3933,0.43075,2.0568,0.19416,0.28177,0.075595,0.24086,0.14313,0.02594
2.5463,0.70186,2.8682,1.1821,0.19158,0.26482,0.093903,0.85278,0.056915
1.7173,1.4765,3.8151,1.9126,0.65574,0.29127,0.1709,0.11755,0.20538
1.0369,1.2877,2.9502,0.95639,0.19329,0.61073,0.14458,0.098247,1.3167
2.5797,1.5229,6.2124,1.185,0.36151,0.1336,0.14441,0.047837,0.056778
4.6684,1.7611,5.5435,1.3049,0.52728,0.90415,0.14467,1.3959,0.21711
5.3786,3.7103,3.0402,0.45912,0.27962,0.25648,0.21213,0.11827,0.38017
2.4892,3.1255,4.386,1.2472,0.1797,0.53028,0.072514,0.6643,0.25849
1.7428,3.456,2.7519,0.70949,0.21333,0.2533,0.22118,0.029624,0.22422
3.3915,2.9622,3.136,1.8501,0.23377,0.17859,0.16398,0.06316,0.16463
7.9954,1.6339,3.7364,1.0146,0.5054,0.13487,0.18113,0.29267,0.056612
12.157,5.3172,3.8879,0.5824,0.6215,0.14418,0.2721,0.034323,0.099852
13.268,19.272,2.8553,0.86846,0.42345,0.92332,0.15625,0.15479,0.3108
3.2748,1.7887,1.6901,0.34377,0.25906,0.14729,0.099275,0.014842,0.0058296
0.45756,2.826,3.8079,1.0216,0.21628,0.17976,0.07051,0.070945,0.053769
2.306,1.7831,0.95078,0.3813,0.14391,0.079853,0.013143,0.056858,0.013757
4.0182,4.0504,0.11803,1.0516,0.19767,0.42525,0.035714,0.012199,0.049529
2.5469,0.79522,0.0009916,1.5501,0.16474,0.44397,0.10007,0.030781,0.055837
2.1219,1.0704,0.39246,0.18672,0.046588,0.074013,0.022745,0.1234,0.039573
2.7655,6.1635,1.418,0.68515,0.14151,0.33165,0.034423,0.47727,0.65815
3.4807,5.9151,2.5913,0.42262,0.11232,0.072857,0.059309,0.016528,0.048446
4.609,2.4978,2.359,0.62301,0.19177,0.20242,0.090294,0.34046,0.051073
5.2344,0.82307,1.3239,0.20803,0.17845,0.07844,0.10779,0.23984,0.061947
11.227,1.305,1.5915,0.18493,0.24175,0.035468,0.14216,0.017883,0.0046981
1.6657,1.6238,1.0128,0.59063,0.10949,0.15627,0.042589,0.087587,0.15343
5.3052,1.5943,0.43491,0.59085,0.12027,0.38834,0.051382,0.003196,0.39106
0.7947,3.4858,1.925,0.82434,0.12053,0.20898,0.058582,0.04644,0.068533
2.152,5.8827,3.5253,1.5566,0.18306,0.27224,0.12846,0.39878,0.59453
7.1298,9.6462,1.5738,1.5524,0.27994,0.24284,0.14119,0.16896,0.20057
3.472,3.1624,0.48031,0.37296,0.11785,0.058833,0.033148,0.023302,0.028521
3.0878,2.8667,0.76926,0.32222,0.099391,0.082774,0.023617,0.036989,0.070609
2.9805,2.1663,0.31512,0.10931,0.097886,0.034744,0.033365,0.0019279,0.0067234
4.119,5.2452,0.47228,0.46417,0.092629,0.091971,0.012042,0.013597,0.045357
2.9343,2.9703,1.6405,0.65675,0.11728,0.13125,0.043476,0.27278,0.22171
1.8998,3.0652,1.6126,0.46281,0.11865,0.14098,0.036816,0.027287,0.052051
1.2214,1.4052,2.9834,1.156,0.13719,0.7372,0.062626,0.021172,0.3327
1.1632,2.3685,2.1055,1.1175,0.27125,0.53463,0.089313,0.054534,0.63031
3.431,1.9474,0.68881,0.18935,0.14116,0.053713,0.063204,0.0014287,0.010252
3.0838,2.3455,0.64786,0.13334,0.2097,0.10262,0.022262,0.00055038,0.0022386
0.86021,2.5922,0.60408,0.15974,0.088111,0.046065,0.059739,0.012543,0.015285
2.0115,2.919,1.0169,0.18164,0.1532,0.079384,0.14167,0.0026728,0.023119
2.0427,3.566,0.8176,0.15199,0.10914,0.038376,0.031664,0.0057036,0.0087396
1.4053,2.7335,5.3848,1.0824,1.3127,0.11447,0.037021,0.011861,0.02147
1.9447,2.9132,1.7122,0.3726,0.12013,0.23628,0.031385,0.010063,0.032928
1.6752,1.795,1.0602,0.17572,0.16276,0.12645,0.031892,0.018568,0.026999
1.998,2.2172,1.4746,0.13747,0.090271,0.17062,0.075689,0.020801,0.0060711
4.1968,3.4665,1.2867,0.23431,0.094057,0.057989,0.10979,0.0090928,0.016435
2.2127,3.5672,3.5552,0.59703,0.1268,0.44073,0.19699,0.035952,0.098455
2.1391,10.057,2.7256,0.49796,0.26598,0.63261,0.082455,0.096027,0.088532
3.0649,9.4236,4.5932,0.64568,0.20123,0.56075,0.093111,0.084273,0.11634
2.876,4.3671,2.6178,0.28096,0.27391,0.55709,0.15098,0.096484,0.22175
2.2015,8.553,0.14057,0.058079,0.84226,1.2539,0.32361,3.2662,0.041226
5.3397,9.8317,0.74979,0.00094004,0.1469,0.49831,0.01149,0.062644,0.035027
3.6314,3.7251,1.652,0.30342,0.10349,0.24765,0.097415,0.12334,0.081954
1.9042,2.8003,1.7222,0.25804,0.5556,1.1374,0.30433,1.0837,0.1526
2.2366,2.9583,3.0653,1.6812,0.48466,8.226,0.3108,0.93104,1.151
0.82596,3.5476,6.2723,4.1589,0.34099,0.78534,0.33979,0.35182,1.9851
2.2186,5.426,2.3374,1.3491,0.5217,0.9022,0.28589,0.5397,0.65899
0.96807,3.9094,0.76256,0.19572,0.47117,0.92364,0.27174,0.717,0.1188
1.308,3.5236,1.448,0.19252,0.54514,1.4616,0.29448,1.1371,0.11181
3.8068,3.0319,0.95499,0.14141,0.2042,0.36716,0.020447,0.6616,0.022512
2.1163,2.4413,3.3289,1.2587,0.15832,0.2476,0.061978,0.01821,0.06917
2.2667,3.9448,1.7073,0.43392,0.12411,0.1264,0.04255,0.1027,0.031943
3.5663,5.2066,4.355,0.55796,0.11577,0.47791,0.035382,0.072365,0.16658
4.5772,9.5066,1.1918,0.93127,0.051849,0.46826,0.076169,0.26562,0.27024
5.5734,11.65,0.21421,0.23628,0.087829,0.24475,0.024588,0.050614,0.050345
7.2746,4.5444,0.90788,0.048077,0.087565,0.069416,0.07959,0.10495,0.07678
3.2731,3.158,1.9989,0.19102,0.12386,0.6946,0.022112,0.70703,0.10372
1.5089,1.8161,1.6777,0.33486,0.60669,0.084792,0.062028,0.0086019,0.031405
6.3184,4.545,0.84009,0.43759,0.15261,0.21841,0.097584,0.076234,0.12187
6.519,0.6884,1.5107,0.50658,0.12975,0.14207,0.093537,0.039102,0.054441
2.9645,5.286,2.3561,0.31145,0.042795,0.5066,0.080335,0.4148,0.62704
1.4709,2.3431,1.8161,0.34172,0.14993,0.13026,0.081724,0.047763,0.12149
2.1727,2.0644,1.9794,0.25244,0.15184,0.073503,0.10498,0.04294,0.018175
5.2506,2.8237,3.1931,0.50858,0.25598,0.26768,0.18699,0.1239,0.088142
6.0139,11.347,2.7872,3.023,0.15794,0.45523,0.15044,0.026819,0.18296
2.6964,3.7897,0.052433,1.3801,0.057403,0.17698,0.023952,0.029646,0.04527
1.5849,1.6884,0.24231,1.1036,0.086154,0.1669,0.046077,0.022983,0.028671
2.832,3.6367,0.81545,0.3722,0.073755,0.092774,0.026176,0.025154,0.012987
2.5285,4.7471,1.5456,0.63279,0.14968,0.17383,0.063513,0.045503,0.080028
1.7389,3.9901,0.39527,0.11285,0.054396,0.75468,0.045535,0.012974,0.25508
3.0519,4.9862,1.63,1.0294,0.15596,0.26917,0.066658,0.014018,0.070259
2.3366,1.4833,3.4595,0.27792,0.10825,0.12426,0.087019,0.0064757,0.076111
2.2695,4.0317,4.4808,0.34347,0.17439,0.091257,0.11523,0.044567,0.13663
3.3758,9.8659,3.3267,1.3165,0.19012,0.34304,0.10031,0.071788,0.10462
4.2144,4.7593,0.92762,0.3585,0.08318,0.744,0.034997,0.18638,0.52334
4.1935,2.4301,1.7955,0.24175,0.24084,0.080592,0.046333,0.0057711,0.0074696
4.1134,3.2151,0.18704,0.074541,0.089553,0.027135,0.0058962,0.016124,0.005486
1.7943,3.6278,1.0935,0.21769,0.11055,0.096163,0.0011116,0.57063,0.041345
1.0055,1.002,1.2128,0.43031,0.39387,0.11047,0.03716,0.0078689,0.042966
1.8489,2.4125,2.4754,0.65835,0.23481,0.089941,0.045533,0.029637,0.067647
2.2232,2.6323,2.2449,0.39137,0.17721,0.27071,0.04348,0.72438,0.12786
2.037,2.7467,1.0989,0.43804,0.19474,0.16522,0.058802,1.0768,0.35375
1.6554,1.2655,1.3709,0.24751,0.12292,0.47711,0.063841,0.04465,0.37224
2.2513,2.6857,1.1315,1.0464,0.15058,0.3201,0.050675,0.0085943,0.018853
2.2616,3.232,1.9599,0.22635,0.17496,0.065746,0.062289,0.0030007,0.017272
3.5985,3.3732,0.80275,0.1197,0.10653,0.038778,0.072532,0.049967,0.015471
4.4391,3.3665,0.36911,0.19029,0.14568,0.11524,0.022048,0.21723,0.0041712
6.2357,3.31,0.55707,0.17536,0.090689,0.034716,0.01589,0.0068926,0.038712
3.926,3.884,2.0341,0.63825,0.15462,0.38122,0.040018,0.0090093,0.68577
2.6571,2.5288,2.3778,0.39836,0.19964,0.21744,0.078137,0.042505,0.16386
4.5594,2.3565,1.6668,0.23829,0.25916,0.066743,0.067569,0.0077645,0.065118
5.2918,4.5333,0.66229,0.19034,0.088193,0.17481,0.033588,0.21171,0.03824
2.9383,2.1961,0.69302,0.087292,0.10628,0.040409,0.015952,0.00080234,0.0078272
1.4188,2.7213,1.2695,0.41779,0.1797,0.058005,0.026515,0.012898,0.037256
1.5233,4.6139,3.1885,1.0523,0.16255,0.27987,0.10354,1.1409,0.21094
1.9138,3.755,1.6029,0.6968,0.25712,0.12081,0.094166,4.9767e-05,0.031181
2.7032,4.4899,0.59163,0.19093,0.25518,0.10567,0.083862,0.083635,0.017544
1.382,2.2203,0.61017,0.12169,0.26348,0.016855,0.044569,0.0003855,0.018909
2.6718,3.6327,1.3229,0.10386,0.10956,0.35,0.028359,0.14989,0.041353
2.9319,3.9578,1.6417,0.26814,0.22514,0.23617,0.084198,1.5597,0.2142
4.6072,2.0093,1.2685,0.18788,0.29747,0.1313,0.11252,2.3868,0.024695
5.2286,3.676,1.2965,0.42474,0.28555,0.07534,0.094324,0.43603,0.037171
3.9004,1.9753,1.6525,0.19358,0.27827,0.023957,0.08385,5.2884e-05,0.0019085
2.7924,1.2039,0.48802,0.093871,0.26393,0.032107,0.026029,0.045945,0.011051
2.4946,2.9806,1.0859,0.21182,0.19702,0.12942,0.036701,0.1351,0.056849
3.3222,3.0955,1.269,0.31229,0.46735,0.082605,0.10257,0.077661,0.059085
6.075,7.7325,0.64244,1.3969,0.080797,0.46985,0.045596,0.17772,0.033244
11.413,3.9478,0.95432,0.31681,0.12662,0.0074743,0.051244,0.25696,0.31054
6.0413,3.5995,1.0459,0.25537,0.4485,0.15399,0.045931,0.20337,0.0090222
3.8127,5.4202,1.5199,0.58714,0.13904,0.24508,0.024362,0.026065,0.027473
6.39,3.2201,0.431,0.61692,0.0019899,0.098651,0.019909,0.010876,0.025424
11.65,5.8956,0.70827,0.25878,0.038951,0.1086,0.021938,0.019368,0.028634
12.205,6.6377,0.66106,0.48048,0.15363,0.1504,0.017165,0.030839,0.062849
7.0043,8.06,0.30408,0.65183,0.023431,0.18897,0.017096,0.025606,0.077076
9.1228,6.8724,1.5531,0.66515,0.03936,0.59036,0.0092536,0.11396,0.061334
4.0367,3.9212,2.7829,0.16929,0.16837,0.88291,0.0097646,0.10095,0.075098
2.6819,0.93788,1.2294,0.098726,0.41141,0.11329,0.07718,2.2595,0.24336
4.7284,6.3023,1.292,0.46181,0.13049,0.35107,0.035106,0.031438,0.044681
6.5379,6.8368,0.96392,0.29259,0.076314,0.04255,0.016114,1.1424,0.30676
10.617,4.3605,1.1978,0.83578,0.21307,0.098902,0.075012,0.013993,0.049105
5.3715,6.3383,1.3641,1.5523,0.18976,0.29609,0.052757,0.043569,0.038511
2.3529,3.4559,0.85131,0.8,0.35582,0.30631,0.077097,0.012391,0.91384
2.0559,2.8635,1.4304,0.72039,0.70114,0.11268,0.067805,0.0068668,0.03448
4.4401,3.2017,1.3853,0.83209,0.64279,0.10812,0.074746,0.13038,0.057553
5.5759,6.0048,1.219,0.30344,0.31648,0.48452,0.013637,0.91737,0.040661
5.4259,3.5227,1.9117,0.59097,0.15102,0.37675,0.030341,0.027396,0.039789
2.4894,5.5063,3.1217,1.1995,0.34952,0.38904,0.068456,0.021877,0.053849
4.1227,8.9638,2.5598,2.3157,0.32998,0.20339,0.058962,0.18042,0.039478
4.5551,12.408,1.564,0.30009,0.34804,0.081182,0.037377,0.00026637,0.033474
5.3613,9.8455,1.6763,0.27487,0.53644,0.1543,0.076416,0.0058893,0.034666
6.9204,2.7904,1.026,0.29236,0.33297,0.1741,0.051729,0.37368,0.010817
5.7096,5.4948,1.5724,0.55502,0.15572,0.11312,0.070826,0.035548,0.023257
5.8176,5.8193,0.98817,0.40825,0.30457,0.054164,0.035842,0.016845,0.03973
7.8681,5.5749,1.8905,0.41354,0.59218,0.12503,0.076922,0.035214,0.036525
9.8176,4.508,2.2351,0.36595,0.54269,0.24105,0.041448,0.11588,0.013209
18.328,7.5769,1.2141,1.158,0.29354,0.63487,0.046828,0.016154,0.060816
8.5647,3.2088,1.5227,0.25459,0.28874,0.17291,0.042533,0.275,0.055636
9.2035,0.70032,1.3226,0.19552,0.32714,0.0081051,0.067976,0.78262,0.0081586
9.1279,0.36657,1.8539,0.16158,0.44698,0.025644,0.082398,0.10193,0.00013496
5.738,1.0129,2.6992,0.32027,0.42731,0.14381,0.13448,0.062187,0.01815
7.1328,1.0166,3.579,0.17111,0.40895,0.3488,0.20348,0.05317,0.039369
6.1257,0.68078,3.8268,0.28591,0.40617,0.39165,0.18195,0.023557,0.080339
7.9286,6.7216,0.30337,0.62573,0.1658,0.23414,0.015998,0.056953,0.019862
5.2069,2.5819,0.38247,0.28204,0.086132,0.024054,0.036509,0.0079619,0.010293
2.5312,2.4545,1.0784,0.29537,0.11455,0.12148,0.021947,0.0077472,0.039462
5.1827,2.9486,1.329,0.33034,0.41467,0.043071,0.031074,0.0018008,0.019279
5.7393,1.8641,1.3534,0.32206,0.42786,0.14894,0.068168,0.18563,0.014818
1.4032,0.30458,2.148,0.54142,0.99466,0.20806,0.03785,0.026229,0.033221
1.1338,1.5589,1.7802,1.3634,1.009,0.060233,0.079824,0.14699,0.056202
7.5903,2.5904,0.53908,0.18651,0.58266,0.046728,0.093019,0.0010346,0.01369
3.1435,1.4727,0.44345,0.15343,0.19994,0.088198,0.032803,0.094947,0.0043312
6.5843,3.097,3.7458,0.79051,0.12555,0.22661,0.027966,0.18,0.084463
6.5848,1.8498,1.998,0.38674,0.44326,0.14515,0.060292,0.13298,0.13557
8.0219,4.63,1.191,0.46861,0.19289,0.063216,0.1164,0.0012105,0.019437
2.9168,2.4224,2.0361,1.3068,0.33144,0.15972,0.056585,0.20987,0.22928
7.4728,2.5612,1.7709,0.78995,0.41209,0.082703,0.093535,0.009306,0.039647
7.5546,2.1123,2.4226,0.37117,0.74499,0.21969,0.1118,0.26291,0.097426
5.3693,1.1878,0.93398,0.39137,0.51806,0.054355,0.1297,0.11083,0.024864
3.0442,0.62056,1.5187,0.4757,0.6525,0.17198,0.11424,0.1846,0.038603
6.1413,0.96049,0.76809,0.32338,0.53022,0.068741,0.16289,0.20927,0.040007
1.0257,0.25093,0.83819,0.28188,0.23161,0.026866,0.03005,0.023973,0.00070655
2.8917,1.3406,1.8453,0.64533,0.44017,0.076668,0.072601,0.0045649,0.018198
8.6586,0.7922,1.0546,0.22249,0.56235,0.0093893,0.10453,0.0015949,0.0025298
5.8604,1.0806,0.88836,0.56144,0.57811,0.52672,0.093502,0.019221,0.0056977
3.4592,0.42308,0.77259,0.36908,0.22719,0.031611,0.022836,0.0044365,0.013251
2.5661,0.53303,1.5835,0.78311,0.314,0.15365,0.062162,0.030688,0.044372
3.4654,0.72143,1.4052,0.33428,0.6569,0.77189,0.29003,0.57956,0.18293
4.9807,1.4286,1.6481,0.48918,0.73053,1.1674,0.32662,1.061,0.2865
3.6801,3.4375,0.3344,1.0631,0.11535,0.25226,0.031486,0.0044312,0.11609
2.712,0.043017,1.7104,0.78901,0.15809,0.6798,0.028923,0.032645,0.052728
2.3157,1.416,1.3503,0.57895,0.36329,0.14052,0.07721,0.033295,0.074777
3.6059,1.7735,1.6166,0.89333,0.37653,0.1049,0.060283,0.083384,0.060592
2.8597,1.6818,1.0548,0.701,0.14708,0.068012,0.0435,0.02807,0.045436
7.772,2.5246,1.2871,0.24686,0.22341,0.09926,0.034044,0.0035036,0.020727
9.4643,0.87329,4.2085,0.34774,0.42918,0.51336,0.1412,0.51247,0.079942
7.6733,3.8358,1.1594,0.90915,0.36858,0.34114,0.085387,0.12656,0.041061
7.4968,1.1606,0.87864,0.28456,0.27008,0.10082,0.082952,0.035057,0.042972
3.1261,2.0727,2.0149,0.74788,0.14901,0.11347,0.046955,0.029007,0.039772
7.2068,4.1292,1.6399,0.3373,0.25471,0.11003,0.047119,0.20179,0.012627
3.766,2.9315,1.3523,0.35908,0.22904,0.078385,0.044478,0.25244,0.10131
9.1726,4.3961,3.1349,0.56202,0.2481,0.07179,0.059491,0.023702,0.024388
11.203,0.92774,2.6378,0.34542,0.33197,0.85776,0.081112,0.072896,0.14518
7.6152,0.82379,3.1902,0.34865,0.37814,0.58781,0.071616,0.072538,0.054228
12.577,0.75735,1.6381,0.17086,0.34537,0.36484,0.074028,0.00011313,0.074671
10.444,0.26837,2.9067,0.35688,0.47429,0.52292,0.086504,1.3228,0.1137
9.8937,0.44879,3.5766,0.46952,0.41797,0.59167,0.15178,0.13359,0.068754
4.5828,3.027,0.61774,0.55333,0.15186,0.25854,0.1274,0.016623,0.067401
9.0216,2.7548,0.76832,0.91981,0.14932,0.33195,0.040937,0.010132,0.018203
13.234,4.4083,1.135,0.89139,0.12986,0.03428,0.024562,0.053964,0.060913
15.491,0.85915,2.4055,0.43124,0.22974,0.0252,0.087456,0.016796,0.0045179
12.685,1.1675,1.8804,0.42772,0.29217,0.11372,0.38899,0.0045334,0.015523
7.2224,0.99123,1.6847,0.21192,0.19497,0.058839,0.089418,0.024306,0.020744
4.8216,0.9793,0.75973,0.13288,0.20202,0.061225,0.11853,0.16664,0.016015
2.8529,0.92956,1.2945,0.5232,0.18913,0.31043,0.033818,0.062876,0.062142
4.1231,0.26018,1.1028,0.48976,0.16814,0.035624,0.039727,0.065396,0.040937
1.5878,0.12866,1.1705,0.30722,0.17258,0.010928,0.017198,0.0091994,0.010187
1.7799,0.33598,1.3645,0.37217,0.22362,0.078852,0.031898,0.0041958,0.017443
3.3381,0.4447,2.0768,0.95235,0.29459,0.19448,0.067282,0.018814,0.049593
4.5475,1.026,2.3305,0.73746,0.24064,0.087694,0.30569,0.48095,0.048724
7.7263,0.57995,1.9242,0.34993,0.25507,0.033717,0.17556,0.074986,0.043284
14.107,0.84432,2.116,0.21441,0.27119,0.04887,0.41921,0.04584,0.0078986
16.507,0.67843,2.4737,0.27571,0.31933,8.1069e-05,0.16065,0.012739,0.0034483
20.542,0.53909,3.3556,0.36483,0.34823,0.10646,0.1157,0.031028,0.012636
25.987,0.79079,4.2714,0.56894,0.32248,0.04009,0.17654,0.40593,0.065907
22.265,0.051979,4.1868,0.4818,0.39746,0.0033825,0.086565,0.016853,0.00028645
11.717,0.36215,2.0679,0.47289,0.23206,0.019806,0.07215,0.034858,0.013391
6.4695,0.10528,2.4548,0.83581,0.29859,0.097524,0.11791,0.17065,0.03801
7.8653,0.66189,0.95102,0.4669,0.21425,0.5568,0.060555,0.25581,0.13001
6.2295,0.57625,1.7421,0.74776,0.29329,2.1382,0.12308,0.31496,0.12172
6.0843,0.90419,1.6625,2.0128,0.17218,0.28193,0.087819,0.018876,0.041807
8.9926,1.0556,1.8058,0.42423,0.4903,0.049124,0.11578,0.10459,0.011237
0.71706,0.48499,0.10014,3.1534,7.6333,0.22948,0.14918,0.011519,0.00055887
0.021769,0.42794,0.75536,6.3572,12.991,0.00092142,0.24977,0.086831,0.010636
9.3949,0.0030855,2.555,3.9068,5.6106,0.65363,0.5019,0.078602,0.020253
16.166,3.3437,1.0928,2.2143,2.3861,0.17756,30.313,0.80378,0.0031805
26.696,4.4145,1.8528,4.4781,4.7297,0.010454,27.446,1.0126,0.15093
13.667,0.27883,1.4082,1.1987,1.1067,0.022911,0.46521,0.01966,0.040343
8.74,0.57625,4.3193,0.61523,0.41072,0.043575,0.62332,0.042272,0.038691
19.215,0.7442,3.3643,0.95842,0.80655,0.12994,0.52321,0.020627,0.048882
19.764,0.025404,3.6292,0.74801,1.0957,0.18044,0.15829,0.0075955,0.12485
13.217,3.4968,1.1911,0.58687,0.17483,0.062574,0.061488,0.011333,0.047198
17.1,1.9146,1.2394,0.95962,0.11951,0.053869,0.079531,0.0012049,0.051658
15.299,0.82717,1.5589,0.58589,0.2579,0.22377,0.040732,0.039552,0.07457
20.57,0.61619,1.8729,0.8914,0.20322,0.15093,0.1313,0.0013566,0.052634
25.14,0.062678,2.6844,1.2045,0.56591,0.18932,0.074929,0.026269,0.055507
34.192,0.3813,2.089,1.7,0.18924,0.070815,0.073066,0.017891,0.030792
20.09,1.4509,2.1314,0.47977,0.34389,0.063819,0.05681,0.035777,0.15587
3.2071,0.38887,1.1933,1.0047,0.16998,0.14582,0.028632,0.10458,0.10809
6.5953,0.53851,1.2297,2.1612,0.25514,0.208,0.062137,0.060707,0.22205
7.1141,0.42601,1.0237,1.3317,0.49463,0.037551,0.078155,0.017158,0.19106
6.769,0.44971,1.1266,1.6273,1.1045,0.2588,0.081939,0.035299,0.079851
6.1355,0.27167,1.7911,3.0384,1.0185,0.28815,0.036669,0.5613,0.17289
6.8896,0.61123,0.79742,0.46173,0.64448,0.72363,0.30559,0.57038,0.24336
7.9526,0.76958,1.6339,1.8243,0.17827,0.33223,0.057083,0.012467,0.12973
17.358,1.171,2.2553,0.74151,0.20948,0.079719,0.031728,0.26527,0.056714
13.548,0.35948,1.203,0.88547,0.25319,0.072397,0.025401,0.44439,0.027918
13.244,0.23189,1.3693,0.44199,0.58527,0.031582,0.075464,0.35096,0.014505
9.6588,0.16419,0.89208,0.33833,0.80324,0.0506,0.08066,0.12435,0.014809
3.221,0.24503,1.5632,1.5099,0.76673,0.48882,0.085142,0.13375,0.049041
3.5882,0.60471,0.87111,3.2709,0.22133,1.0258,0.053579,0.2812,0.15432
6.8645,0.74493,2.5433,1.4076,2.8571,0.087034,0.068823,0.034382,0.01086
15.82,0.3728,1.9767,1.5181,1.7682,0.020197,0.081659,0.010661,0.0074225
24.24,0.88967,2.0115,0.57572,0.80794,0.0018256,0.069421,0.031636,0.0098192
23.981,0.72556,3.2945,0.79725,0.52937,0.12038,0.02664,0.35735,0.084698
11.18,1.1494,1.1045,0.5382,0.36221,0.098454,0.044647,0.040105,0.018736
5.503,0.43702,1.0387,0.30157,0.19521,0.060678,0.027655,0.01496,0.025302
8.526,0.55082,1.2782,0.90145,0.183,0.074669,0.034972,0.0048712,0.04037
18.914,0.35798,1.8873,1.6224,0.18393,0.039083,0.03552,0.016801,0.00025563
25.651,1.4281,2.7323,0.6965,0.39729,0.0020778,0.069376,0.42376,0.054691
12.543,0.59379,1.4201,0.31296,0.24576,0.063905,0.066464,0.038079,0.057478
9.2911,0.60603,2.1302,0.23561,0.24304,0.019212,0.069037,0.056076,0.022932
2.696,0.41995,0.82405,0.40057,0.10444,0.21431,0.028487,0.16753,0.07598
4.3083,1.2146,0.61383,0.51795,0.080515,0.079589,0.032079,0.079447,0.10739
7.0035,1.3732,1.04,0.3727,0.27162,0.056358,0.03913,0.24483,0.023593
4.3658,0.25426,1.4212,0.26181,0.28196,0.030765,0.042326,0.47351,0.043055
6.6174,0.27639,1.2052,0.22194,0.13556,0.03354,0.062589,0.55962,0.031142
9.927,1.1032,1.2111,0.99985,0.159,0.26812,0.14598,0.053211,0.055973
8.6072,1.1594,1.4132,0.44874,0.21528,0.014993,0.066545,0.032963,0.030436
7.7772,0.39987,2.3285,0.40497,0.32082,0.082531,0.085179,0.30799,0.09036
8.7962,0.73645,2.0453,1.08,0.27712,0.20072,0.068826,0.26439,0.097492
3.8888,1.0268,1.1201,0.60817,0.1448,0.19013,0.044727,0.058137,0.022984
8.4446,0.13166,2.2905,0.71172,0.3013,0.14365,0.066651,0.0062143,0.042778
8.7469,0.12982,2.5272,1.129,0.2416,0.30005,0.11839,0.02304,0.020764
12.845,1.4046,2.0404,1.8143,0.21903,0.39987,0.10375,0.02884,0.038564
20.176,1.1328,1.8243,2.0002,0.23224,0.50224,0.071249,0.015056,0.052017
14.907,1.324,2.2724,1.0707,0.2091,0.2664,0.087614,0.028452,0.025749
24.107,1.2318,1.9725,0.72568,0.2433,0.03021,0.010282,0.063528,0.021531
31.089,0.70428,1.8899,0.61657,0.23539,0.015864,0.064174,0.022427,0.0020209
28.154,1.0606,1.0008,0.71883,0.37946,0.51062,0.14512,0.018608,0.002865
13.426,0.34148,1.4681,0.095378,0.37593,0.44425,0.047329,0.18279,0.050582
8.1375,0.46288,2.4665,0.30168,0.50318,0.29369,0.044209,0.32946,0.07119
4.0685,0.17017,3.0435,0.6664,0.42512,0.046841,0.044819,0.020778,0.054753
6.4829,0.64634,3.9232,1.6127,0.3055,0.12107,0.037245,0.05662,0.03295
12.284,0.61007,7.8994,1.746,0.54647,0.14502,0.075585,0.079251,0.21292
17.13,0.78928,4.683,0.91121,0.83613,0.069639,0.053,0.049278,0.074144
20.202,0.94814,3.7926,0.089546,0.39228,5.6188,0.028203,0.010132,0.0012064
24.53,0.43151,5.4392,4.2869,0.34275,0.87809,0.055847,0.28347,0.25713
22.098,1.1159,5.818,1.8034,0.56185,0.31655,0.060566,0.16961,0.021646
3.7761,0.32095,2.8945,0.99095,0.20366,0.12674,0.036981,0.05826,0.088189
5.2711,0.53434,3.4201,1.6159,0.2445,0.18129,0.065346,0.011998,0.11913
11.374,0.58884,8.7893,2.4129,0.58291,0.22892,0.093246,0.040636,0.029219
12.178,1.9878,4.0895,1.1233,0.46187,0.23883,0.23959,0.2391,0.064285
15.245,5.5555,1.2281,0.81535,0.054904,0.30001,0.066886,0.012964,0.047261
14.901,4.1457,1.9245,2.0678,0.14962,0.27943,0.061893,0.026918,0.062702
12.236,7.5406,1.1498,1.2233,0.14636,0.21015,0.033476,0.18767,0.13688
8.8636,1.794,1.2021,0.20562,0.43896,7.6728e-05,0.043287,0.014262,0.010863
2.7843,0.25847,1.2243,0.7134,1.46,0.12012,0.095617,0.18912,0.0065466
2.5042,0.45816,0.87668,0.23416,0.061243,0.55398,0.014515,0.18537,0.063074
3.1673,0.80519,3.0942,0.92883,0.18995,0.6204,0.073855,0.23113,0.22096
1.0131,0.14394,3.0794,0.76957,0.31478,0.16958,0.056055,0.23068,0.23153
2.7664,0.59344,5.24,1.7914,0.28104,0.25525,0.069775,0.20366,0.18256
1.7631,0.31124,4.9024,1.6719,0.48212,0.37193,0.061821,0.044439,0.055449
5.0153,0.8593,8.048,1.9378,0.77079,0.23265,0.058802,0.046025,0.13753
15.45,3.6144,4.6233,3.5192,0.40461,0.387,0.043628,0.042329,0.075466
20.611,4.0175,3.2951,0.89235,0.39816,0.25971,0.045364,0.024015,0.021973
24.132,5.072,3.8615,1.2177,0.67548,0.11956,0.063157,0.037438,0.056701
13.873,1.1322,5.1347,0.34842,0.28239,0.15697,0.075315,0.0061853,0.046098
12.872,0.0032044,6.0114,0.14766,0.36603,1.2945,0.078568,0.19878,0.21195
14.89,0.47634,3.6236,0.2464,0.4263,0.84184,0.074097,0.11863,0.15529
6.7226,1.203,3.8525,1.4555,0.63894,0.70397,0.078807,0.24622,0.1063
6.2009,1.4292,1.5986,0.62801,0.15156,0.33212,0.075577,0.34641,0.036136
4.5404,0.64788,0.84534,0.29675,0.16608,0.020048,0.056449,0.11267,0.0084156
2.0375,0.7773,3.2384,1.4048,0.36388,0.34644,0.11483,0.018155,0.049529
3.3092,1.0716,1.8329,0.23587,0.27155,0.047213,0.086246,0.18205,0.017054
2.1199,0.72594,3.52,1.4493,0.21163,0.45714,0.049667,0.029985,0.077432
3.2846,1.524,4.4945,0.94394,0.32383,0.16448,0.082151,0.11994,0.1499
4.5659,1.917,5.1622,1.4264,0.30998,0.13312,0.088898,0.27678,0.23059
7.1006,3.5206,2.7442,1.9654,0.17023,0.15028,0.059312,0.03221,0.061675
9.8647,4.947,2.0193,0.78924,0.16663,0.1019,0.028577,0.055397,0.036932
5.513,2.3268,1.7283,0.11862,0.13443,0.05937,0.043081,0.10698,0.050148
1.4738,0.24427,1.9332,0.57596,0.19959,0.21143,0.068387,0.014339,0.031627
1.3378,2.3477,5.2091,1.2525,0.21539,0.19405,0.088973,0.015892,0.067479
2.8031,1.3928,1.5439,0.946,0.71399,0.84605,0.36727,0.96939,0.49524
1.93,1.9262,0.59109,1.6018,0.49114,0.24755,0.26202,0.17232,0.62821
2.6231,1.7846,2.9544,0.57139,0.30015,0.13721,0.025671,0.026531,0.02005
4.7507,2.5509,3.162,0.45257,0.32233,0.057469,0.14077,0.69941,0.031529
3.0592,2.1372,1.1933,0.36669,0.31197,0.14633,0.061309,0.068941,0.14357
3.1465,5.5022,2.8919,0.91408,0.10608,0.36938,0.097133,0.089692,0.17503
4.5536,5.4858,5.5521,2.0428,0.20821,0.26961,0.063454,0.1295,0.082501
10.155,11.348,3.1275,3.2204,0.20665,0.80256,0.05498,0.10127,0.10017
4.2277,9.4212,1.5933,1.3184,0.14154,0.41467,0.030251,0.060253,0.067723
6.1166,9.5085,1.7476,1.1212,0.098317,0.18276,0.041438,0.013977,0.054429
7.9052,5.9459,0.65753,1.2164,0.082605,0.13539,0.028993,0.027233,0.043252
4.9984,3.3792,0.6531,0.15294,0.02433,0.050603,0.10282,0.016966,0.034129
7.3364,5.0638,0.36369,0.2448,0.047016,0.12378,0.051041,0.0052489,0.020178
8.5841,7.2473,0.7102,0.66717,0.0012283,0.10398,0.015206,0.016077,0.032489
5.6271,3.257,0.54689,1.247,0.042845,0.075378,0.020909,0.083401,0.025648
4.9986,7.7218,0.9958,0.63756,0.089706,0.71252,0.025995,0.17829,0.067781
4.8653,6.2557,1.5781,0.31699,0.058992,0.39472,0.0031712,0.051872,0.01975
2.1156,5.4175,1.9766,0.44133,0.10784,0.16615,0.026167,0.024127,0.019775
2.556,4.1589,1.2004,0.30112,0.087159,0.076059,0.050224,0.0061968,0.017958
4.5135,1.1607,0.95364,0.6504,0.0012213,0.21473,0.017048,0.051209,0.026631
6.0114,6.614,1.6904,0.373,0.13759,0.23826,0.022381,0.049406,0.042913
3.0327,1.8014,2.1593,0.25433,0.20367,0.39269,0.044129,0.83428,0.33039
2.5707,0.49522,2.3788,0.11221,0.24007,0.045753,0.067047,0.046009,0.061675
7.8285,0.33282,0.78233,0.1299,0.15832,0.00054081,0.067504,0.0090043,0.0037574
3.583,1.1252,0.8741,0.26638,0.28598,0.11885,0.048618,0.043292,0.014935
3.4999,2.9479,1.2213,0.3717,0.14038,0.10817,0.051126,0.015325,0.013853
3.2591,5.1349,5.1565,0.5011,0.23875,0.77597,0.028923,0.14871,0.14434
1.2904,1.4694,2.3816,0.18832,0.19482,1.8876,0.086011,0.13885,0.2927
2.1234,2.0752,2.3115,0.26951,0.16623,0.18983,0.07753,0.044808,0.14637
8.8274,9.0578,0.83997,0.33207,0.052946,0.15388,0.019854,0.0092246,0.010239
2.5355,9.9186,1.7497,0.7765,0.084525,0.16225,0.0030243,0.077039,0.038655
4.3308,10.704,2.4665,0.98197,0.19237,0.2859,0.077308,0.024683,0.093789
3.5978,6.3058,1.4547,0.19581,0.22153,0.16604,0.051614,0.10697,0.022417
1.1718,7.9247,5.294,0.58074,0.25669,0.44157,0.035183,0.21094,0.18876
0.5734,1.8065,7.3761,1.3372,0.47849,0.29376,0.071965,0.35453,0.134
2.6126,4.3121,3.7547,0.55092,0.3168,0.50339,0.048472,0.13672,0.078146
2.606,4.6033,4.4058,0.58021,0.4105,0.52867,0.0011128,0.054499,0.056091
3.4344,7.1606,4.7619,0.82686,0.39435,0.24942,0.080748,0.04321,0.057948
2.2155,6.3729,3.4402,1.0935,0.26571,0.4253,0.24058,0.041036,0.11286
3.516,2.1309,2.0502,0.86588,0.12277,0.43561,0.09067,0.0018733,0.046346
2.8517,9.1701,1.2346,0.92311,0.074884,0.21304,0.011877,0.021677,0.051093
2.2753,13.661,7.4536,0.74053,0.08994,1.0002,0.00083861,0.12793,0.086076
4.302,9.821,3.3663,0.54728,0.1561,0.31964,0.11399,0.091749,0.42102
1.2989,1.2242,1.771,0.20072,0.23278,0.18342,0.075403,0.14003,0.059215
1.2974,0.51327,4.2912,0.099294,0.34773,0.21661,0.092209,0.016045,0.0053184
1.0389,1.1406,2.8845,0.13586,0.26141,0.16657,0.02809,0.12098,0.081204
1.4894,3.9798,3.2347,0.80214,0.30622,0.25525,0.07507,0.20572,0.080532
1.7117,5.8492,0.96752,1.4196,0.18292,0.15139,0.032262,0.10949,0.079388
2.8272,8.1318,0.599,0.90964,0.12309,0.2505,0.059037,0.21062,0.12119
2.6568,11.037,1.7817,0.4749,0.077825,0.36089,0.019052,0.029905,0.056535
4.4479,14.083,1.7026,0.2801,0.1495,0.4958,0.066823,0.36538,0.18426
4.4202,9.6596,0.43829,0.25996,0.071131,0.88374,0.051755,0.003648,0.15598
1.743,6.5505,1.5533,0.34826,0.20785,0.15102,0.07045,0.00024065,0.089017
0.91921,5.6549,3.5863,0.94412,0.43559,0.30108,0.099359,0.022705,0.14611
3.4069,9.9752,7.3989,1.9312,0.44352,0.46286,0.22726,0.15137,0.31169
5.5505,12.208,10.344,1.953,0.60091,0.7374,0.15341,0.10942,0.27244
4.9226,8.3186,2.9644,1.1797,0.18778,0.23539,0.068157,0.005508,0.092408
8.271,13.437,0.44505,0.87159,0.19904,0.26596,0.028737,0.016271,0.038031
3.3756,12.847,1.9146,0.44327,0.1444,0.14051,0.069299,0.0025362,0.093657
2.5929,3.8092,2.3733,0.77016,0.35298,0.52671,0.11586,0.0067598,0.15665
3.7587,9.264,1.1301,0.52953,0.12914,0.16226,0.091633,0.048739,0.066208
8.5817,5.5935,0.39974,0.45152,0.17227,0.25907,0.070768,0.010556,0.031017
4.0408,0.36364,1.1249,0.15674,0.30919,0.038176,0.066636,0.0050654,0.014362
3.1691,6.0888,1.0078,0.53288,0.18309,0.25517,0.025003,0.011888,0.045509
0.70486,0.49585,1.9891,0.25192,0.25164,0.045037,0.016034,0.007923,0.022613
0.84733,1.0097,2.0498,0.28014,0.12464,0.12957,0.038329,0.00061145,0.049245
1.794,2.2693,1.3749,0.26201,0.1312,0.090053,0.032079,0.0055376,0.041524
0.65613,1.5116,4.3813,0.99314,0.21789,0.29923,0.11933,0.0067307,0.20828
3.9869,10.066,1.4701,0.071276,0.11406,0.4823,0.048194,0.0011519,0.071484
4.34,8.598,1.5488,0.16689,0.081257,0.34439,0.063933,0.00012612,0.20982
3.2425,6.413,0.63631,0.44581,0.017524,0.50275,0.051572,0.0087772,0.1377
3.4662,3.1147,1.5998,0.28654,0.11245,0.11746,0.11481,0.0032051,0.079018
4.7914,3.3319,0.77385,0.081937,0.1532,0.010305,0.057769,0.0046269,0.015484
1.9084,2.5151,1.0419,1.7844,0.036025,0.87172,0.045225,0.01131,0.057018
0.92474,5.6576,0.31714,0.8425,0.18791,0.14446,0.013207,0.0071386,0.031293
4.0243,3.7711,0.12643,0.51743,0.077944,0.39291,0.033686,0.0043889,0.036914
5.3458,6.7137,1.7104,0.64421,0.10698,0.14571,0.081901,0.024451,0.035672
3.1541,9.2473,1.3619,0.45502,0.064872,0.1424,0.089981,0.014761,0.054995
3.807,6.8655,0.48427,0.19477,0.15204,0.054853,0.02477,0.0032224,0.013891
3.9069,8.8273,1.1809,0.34952,0.095739,0.064178,0.039438,0.010955,0.028063
1.6988,2.0574,2.5383,0.46691,0.18056,0.10995,0.029392,0.0026813,0.037679
0.11189,0.0046026,5.3615,0.47216,0.24831,0.07781,0.021508,0.0019346,0.018757
2.4654,1.1781,2.3925,0.2711,0.2113,0.049648,0.014995,0.0022954,0.0044398
0.31688,1.2393,3.2291,0.42857,0.27208,0.072687,0.037824,0.0024993,0.039845
0.76553,3.1776,3.4543,0.69446,0.2684,0.20273,0.24434,0.68904,0.18397
0.88883,5.8593,3.9617,0.63709,0.288,0.74881,0.08211,0.3808,0.045369
0.55938,4.2134,3.0167,0.62417,0.17845,0.17893,0.013754,0.0083273,0.022223
0.0085566,4.1118,6.2005,0.54329,0.22422,0.16148,0.023898,0.22562,0.11651
1.6818,5.1129,1.5583,0.65417,0.20181,0.12847,0.026174,0.021871,0.059313
0.56487,3.1103,2.7678,0.43687,0.27226,0.086344,0.033856,0.0048999,0.035849
1.4337,4.8962,1.2896,0.60817,0.2625,0.29602,0.095465,0.06307,0.077873
1.6099,4.7561,1.7733,0.2055,0.26065,0.44238,0.099336,0.58903,0.03056
1.2764,6.2249,1.0569,0.86125,0.082373,0.11523,0.030585,0.0031759,0.11488
2.0013,5.106,2.4084,0.6291,0.23995,0.10857,0.032721,0.016209,0.022187
1.5263,4.619,2.4236,0.16459,0.02738,0.47981,0.091489,0.44899,0.55967
1.6393,6.0408,2.9089,0.59503,0.20741,0.17624,0.13571,0.085689,0.14497
2.6143,6.2233,1.5429,0.22467,0.18108,0.060822,0.065191,0.0010757,0.022342
1.6978,4.6464,2.5031,0.23965,0.23117,0.098526,0.049081,0.017129,0.019282
6.5535,11.66,1.6907,0.1497,0.16337,0.16008,0.0082419,0.00066306,0.019896
5.3415,6.1197,1.0324,0.19585,0.015034,0.12505,0.010997,0.29213,0.032619
10.004,3.2949,0.85629,0.16993,0.1716,0.020588,0.064183,0.0058177,0.02721
1.4738,1.218,1.1754,0.29727,0.14804,0.050124,0.024423,0.0042966,0.026243
2.2174,8.4482,2.3456,1.1481,0.068175,0.26807,0.047106,0.021956,0.030231
1.535,4.3509,1.5487,0.28232,0.36474,0.3975,0.021172,0.064446,0.010298
2.1999,7.3334,1.2865,0.39327,0.07787,0.20734,0.062939,0.095594,0.076885
1.8717,6.3988,1.5722,0.30083,0.080393,0.20025,0.045726,0.042136,0.019092
4.149,6.829,1.4903,0.59003,0.10817,0.19144,0.020813,0.017833,0.035397
2.1705,3.6968,1.7331,0.85421,0.20772,0.27154,0.016392,0.017842,0.029836
0.3027,1.9523,3.8906,0.94565,0.44151,0.22448,0.092974,0.046978,0.29897
2.8474,7.2608,0.27345,0.39231,0.051015,0.079542,0.030324,0.0056617,0.019025
3.461,3.8778,0.11584,0.21849,0.090785,0.028881,0.011039,0.03621,0.00081188
2.768,5.8978,0.48193,1,0.36083,0.30778,0.055587,0.032184,0.029584
6.6171,6.1251,0.542,0.50449,0.11406,0.27885,0.046874,0.061177,0.050641
8.3226,6.3236,0.70168,0.0028238,0.0010228,0.10127,0.037278,1.0735,0.10443
3.91,10.335,1.1932,1.7076,0.095898,0.21787,0.020967,0.046823,0.028299
5.0522,6.4483,2.2488,0.74761,0.12891,0.12721,0.047357,0.062235,0.056124
10.241,11.392,1.3419,1.3189,0.17936,0.15491,0.042082,0.088417,0.074226
11.613,9.0197,1.1836,0.36206,0.071676,0.55267,0.0016959,0.070202,0.034468
7.5325,4.1088,1.4137,0.25142,0.1244,0.43419,0.023587,0.028341,0.017713
3.2538,3.6201,1.783,0.17364,0.1308,0.5026,0.024758,0.041187,0.033684
2.7408,5.3281,2.2281,0.61091,0.17312,0.10193,0.052457,0.0089624,0.036769
5.6298,8.7996,1.5335,0.44219,0.12499,0.11629,0.03619,0.047253,0.041757
8.4159,13.373,0.64325,1.4319,0.16573,0.24877,0.015245,0.036615,0.046293
8.8758,11.102,0.70085,0.24719,0.07145,0.078163,0.022123,0.034212,0.050677
4.1588,4.316,3.4491,0.5383,0.2582,0.12799,0.020123,0.010938,0.028065
7.998,6.4068,2.2733,0.16547,0.12701,0.071911,0.023446,0.19959,0.054065
5.785,7.406,0.90444,0.37802,0.15647,0.11807,0.039755,0.011493,0.024947
4.5335,6.1086,1.2031,0.73763,0.11633,0.14547,0.024852,0.015398,0.022313
8.6626,9.1897,3.0563,0.31114,0.23927,0.16895,0.021858,0.47293,0.041048
7.7594,8.6755,2.2168,0.28426,0.26284,0.36024,0.033252,0.037879,0.048512
3.057,4.2801,1.5539,0.17861,0.39788,0.15091,0.055247,5.2287e-05,0.15638
2.28,5.0246,2.4925,0.39495,0.23895,0.096448,0.05455,0.03061,0.036447
3.6421,9.3984,3.2247,0.281,0.25722,0.0917,0.064954,0.23048,0.060773
9.9961,8.0322,2.5611,0.3013,0.33136,0.16858,0.11813,0.68975,0.046657
8.1215,13.424,0.93416,0.92798,0.24194,0.58838,0.017884,0.042544,0.52904
17.105,9.1065,1.291,0.13241,0.039578,0.060654,7.3054e-05,0.021246,0.0031429
14.635,9.1139,2.0245,0.13244,0.20599,0.067127,0.0075367,0.015716,0.04734
10.745,7.3252,2.5618,0.4068,0.25226,0.1256,0.058567,0.043854,0.031942
11.257,7.0185,4.512,2.0521,0.2777,0.15447,0.050174,0.094045,0.045295
9.79,11.697,2.4901,2.0887,0.14137,0.23882,0.03744,0.031793,0.047804
4.8172,4.3149,1.5481,0.37398,0.80831,0.088941,0.024436,0.16472,0.017957
0.80683,2.7821,0.91873,1.0418,0.85954,0.11918,0.040757,0.021415,0.01954
3.9808,2.7966,1.9319,0.39213,0.22073,0.072275,0.0098676,0.039727,0.21331
1.3565,1.9708,7.3891,0.58922,0.54708,0.36909,0.010608,0.033319,0.11523
3.832,2.2414,6.1221,0.46278,0.58093,0.37281,0.07352,0.035305,0.070346
3.9534,1.6295,2.551,0.064871,0.35129,0.40869,0.073175,2.3305,0.1133
1.4574,2.1903,2.6283,1.4191,0.34443,0.23556,0.041233,0.24148,0.037266
1.5755,2.745,3.3011,0.68101,0.23961,0.2541,0.045081,0.31918,0.051785
2.6165,2.3779,2.3172,0.25519,0.41365,0.032369,0.027373,0.0022716,0.013159
2.8359,1.7887,0.79357,0.18213,0.11617,0.023168,0.026048,0.0075395,0.0075256
3.258,2.6334,1.0203,0.16045,0.08179,0.03071,0.014883,0.0090711,0.0055987
2.7613,3.4851,2.7817,0.26105,0.2278,0.10203,0.010464,0.027845,0.037108
3.0703,2.0625,2.1353,0.15844,0.265,0.77004,0.050687,0.065844,0.10068
3.7941,0.63151,3.0291,0.23343,0.8642,0.047828,0.066039,0.047054,0.031927
4.9673,0.66496,2.5801,0.12215,0.44788,0.078373,0.047695,0.060629,0.077816
6.5532,1.0354,2.0614,0.19031,0.4865,0.082892,0.054901,0.13829,0.032506
3.0944,3.7386,0.60935,0.39072,0.060556,0.039879,0.00013347,0.0085073,0.027153
6.0256,7.5792,0.26932,0.16079,0.13308,0.037596,0.0040037,0.0038937,0.053435
5.7622,6.6929,0.99331,0.44017,0.10988,0.075146,0.0024965,0.074262,0.041649
7.9153,2.9177,0.75996,0.65567,0.060426,0.08642,0.012609,0.028041,0.030299
5.5611,3.6294,1.0521,1.6872,0.19746,0.25554,0.080227,0.041971,0.058377
1.8148,5.0395,5.908,2.098,0.46807,0.36838,0.065025,0.05749,0.090803
1.9503,4.8214,15.654,2.5439,1.1614,0.39183,0.12386,0.11614,0.17676
3.963,8.0369,5.2855,1.0427,0.5439,1.1682,0.1767,0.070123,0.26351
3.8146,2.4624,1.3813,0.67944,0.60828,0.58048,0.29089,0.44663,0.34999
5.9645,1.845,3.0207,1.8589,0.90784,0.54691,0.34034,0.46691,0.94319
6.8278,2.2064,1.443,0.51897,1.8566,0.022685,0.086519,0.072061,0.0073959
7.9065,8.2768,0.90894,0.43929,0.4264,0.069121,0.0054995,0.022056,0.010108
7.9442,3.0129,0.93375,0.39581,1.0196,0.87321,0.35296,0.7663,0.25072
2.0028,2.8774,2.2364,2.0191,0.70721,0.51069,0.29065,0.34621,0.69734
5.7566,4.1228,0.00035176,1.0627,0.34753,0.19809,0.072217,0.063174,0.26731
2.856,3.347,4.8395,1.8592,0.99655,0.44461,0.090169,0.043379,0.10651
9.6792,3.1935,3.3319,0.6677,0.89705,0.10459,0.10003,0.05186,0.1396
11.762,0.032335,5.247,1.297,0.6383,0.23215,0.077462,0.044341,0.040422
11.893,8.4428,2.3336,1.4973,0.43405,0.12638,0.050242,0.031168,0.10406
9.4981,0.98574,3.0474,0.36932,0.84739,0.01243,0.1008,0.022501,0.0094662
5.9656,1.4097,2.6624,1.0915,0.56711,0.15667,0.080896,0.37024,0.075
10.887,3.4946,3.9042,0.74467,0.19565,0.11787,0.022093,0.01869,0.046709
3.6514,2.7783,2.959,1.884,0.60795,0.14485,0.10867,0.036769,0.096357
8.7054,2.7041,0.69372,0.29287,0.49879,0.061885,0.06142,0.017849,0.0099321
1.0971,0.1672,3.9621,0.70424,0.84971,0.32656,0.068328,0.23322,0.048757
3.6574,1.9749,1.9297,1.2388,0.5132,0.17784,0.091422,0.02796,0.034901
5.3779,0.98084,1.6182,0.50579,0.46426,0.1805,0.037099,0.038026,0.022113
9.9306,5.6654,1.0681,0.63933,0.27575,0.094492,0.017381,0.01677,0.011328
9.8891,1.9061,0.99094,0.5929,1.7031,0.04939,0.48383,1.4747,0.0010389
6.0839,0.99502,1.076,0.70282,1.6009,0.25729,0.28878,0.001291,0.06073
1.9273,0.3703,2.4009,0.46242,0.46676,0.044512,0.037873,0.0051173,0.0085466
2.3377,0.84585,4.4525,0.83099,0.42283,0.29241,0.067601,0.026028,0.14546
3.9307,2.7055,3.2088,0.43696,0.44254,0.54684,0.06144,0.096318,0.22146
4.2251,1.5618,1.7257,0.8151,0.31892,0.5482,0.043507,0.046315,0.048092
18.431,2.7098,0.73876,0.37536,0.27261,0.085338,0.050817,0.0068184,0.0187
18.64,4.4031,0.35863,1.2185,0.36053,0.39487,0.034803,0.026186,0.049455
15.154,2.887,0.4189,0.26154,0.25602,0.022145,0.055168,0.0038651,0.00054437
13.221,3.4625,1.7756,0.50105,0.23364,0.095632,0.053953,0.052959,0.047871
4.4465,0.78682,2.1078,0.30069,0.25237,0.28885,0.030117,0.013072,0.02512
2.4399,0.0035958,8.1206,2.8606,0.63964,0.4114,0.084403,0.018825,0.083595
5.3435,3.1219,6.9588,1.7338,0.68551,0.3984,0.11724,0.037778,0.11041
7.0054,8.4534,3.4223,1.202,0.37236,0.15143,0.23288,0.015233,0.13041
3.6703,1.7612,5.9124,1.0121,0.39445,0.44095,0.082409,0.050119,0.06594
4.1308,1.3876,2.9167,0.29594,0.29097,0.54827,0.025198,0.025215,0.030281
